,path,size,file_name,file_ext,dim,file_type
0,imgs\0000.ui.forms.png,8695,0000.ui.forms.png,.png,93,forms
1,imgs\0000.ui.strings.png,941,0000.ui.strings.png,.png,30,strings
2,imgs\0401.ui.forms.png,1319,0401.ui.forms.png,.png,36,forms
3,imgs\0401.ui.strings.png,6047,0401.ui.strings.png,.png,77,strings
4,imgs\0404.ui.forms.png,1391,0404.ui.forms.png,.png,37,forms
5,imgs\0404.ui.strings.png,4917,0404.ui.strings.png,.png,70,strings
6,imgs\0405.ui.forms.png,1296,0405.ui.forms.png,.png,36,forms
7,imgs\0405.ui.strings.png,4479,0405.ui.strings.png,.png,66,strings
8,imgs\0406.ui.forms.png,1346,0406.ui.forms.png,.png,36,forms
9,imgs\0406.ui.strings.png,4179,0406.ui.strings.png,.png,64,strings
10,imgs\0407.ui.forms.png,1539,0407.ui.forms.png,.png,39,forms
11,imgs\0407.ui.strings.png,4583,0407.ui.strings.png,.png,67,strings
12,imgs\0408.ui.forms.png,1900,0408.ui.forms.png,.png,43,forms
13,imgs\0408.ui.strings.png,7738,0408.ui.strings.png,.png,87,strings
14,imgs\0409.ui.forms.png,1261,0409.ui.forms.png,.png,35,forms
15,imgs\0409.ui.strings.png,3944,0409.ui.strings.png,.png,62,strings
16,imgs\040a.ui.forms.png,1469,040a.ui.forms.png,.png,38,forms
17,imgs\040a.ui.strings.png,4203,040a.ui.strings.png,.png,64,strings
18,imgs\040b.ui.forms.png,1754,040b.ui.forms.png,.png,41,forms
19,imgs\040b.ui.strings.png,4103,040b.ui.strings.png,.png,64,strings
20,imgs\040c.ui.forms.png,1785,040c.ui.forms.png,.png,42,forms
21,imgs\040c.ui.strings.png,4488,040c.ui.strings.png,.png,66,strings
22,imgs\040d.ui.forms.png,1350,040d.ui.forms.png,.png,36,forms
23,imgs\040d.ui.strings.png,6209,040d.ui.strings.png,.png,78,strings
24,imgs\040e.ui.forms.png,1447,040e.ui.forms.png,.png,38,forms
25,imgs\040e.ui.strings.png,4599,040e.ui.strings.png,.png,67,strings
26,imgs\0410.ui.forms.png,1263,0410.ui.forms.png,.png,35,forms
27,imgs\0410.ui.strings.png,4176,0410.ui.strings.png,.png,64,strings
28,imgs\0411.ui.forms.png,1346,0411.ui.forms.png,.png,36,forms
29,imgs\0411.ui.strings.png,6141,0411.ui.strings.png,.png,78,strings
30,imgs\0412.ui.forms.png,1369,0412.ui.forms.png,.png,37,forms
31,imgs\0412.ui.strings.png,4772,0412.ui.strings.png,.png,69,strings
32,imgs\0413.ui.forms.png,1559,0413.ui.forms.png,.png,39,forms
33,imgs\0413.ui.strings.png,4167,0413.ui.strings.png,.png,64,strings
34,imgs\0414.ui.forms.png,1325,0414.ui.forms.png,.png,36,forms
35,imgs\0414.ui.strings.png,4103,0414.ui.strings.png,.png,64,strings
36,imgs\0415.ui.forms.png,1910,0415.ui.forms.png,.png,43,forms
37,imgs\0415.ui.strings.png,4300,0415.ui.strings.png,.png,65,strings
38,imgs\0416.ui.forms.png,1530,0416.ui.forms.png,.png,39,forms
39,imgs\0416.ui.strings.png,4266,0416.ui.strings.png,.png,65,strings
40,imgs\0419.ui.forms.png,1736,0419.ui.forms.png,.png,41,forms
41,imgs\0419.ui.strings.png,6015,0419.ui.strings.png,.png,77,strings
42,imgs\041b.ui.forms.png,1290,041b.ui.forms.png,.png,35,forms
43,imgs\041b.ui.strings.png,4537,041b.ui.strings.png,.png,67,strings
44,imgs\041d.ui.forms.png,1327,041d.ui.forms.png,.png,36,forms
45,imgs\041d.ui.strings.png,4310,041d.ui.strings.png,.png,65,strings
46,imgs\041e.ui.forms.png,1707,041e.ui.forms.png,.png,41,forms
47,imgs\041e.ui.strings.png,7322,041e.ui.strings.png,.png,85,strings
48,imgs\041f.ui.forms.png,1482,041f.ui.forms.png,.png,38,forms
49,imgs\041f.ui.strings.png,4217,041f.ui.strings.png,.png,64,strings
50,imgs\0424.ui.forms.png,1477,0424.ui.forms.png,.png,38,forms
51,imgs\0424.ui.strings.png,4381,0424.ui.strings.png,.png,66,strings
52,imgs\0804.ui.strings.png,4274,0804.ui.strings.png,.png,65,strings
53,imgs\0809.ui.strings.png,3935,0809.ui.strings.png,.png,62,strings
54,imgs\080a.ui.strings.png,4175,080a.ui.strings.png,.png,64,strings
55,imgs\0816.ui.forms.png,1708,0816.ui.forms.png,.png,41,forms
56,imgs\0816.ui.strings.png,4151,0816.ui.strings.png,.png,64,strings
57,imgs\1028.mst.png,19992,1028.mst.png,.png,141,mst
58,imgs\1029.mst.png,28978,1029.mst.png,.png,170,mst
59,imgs\1030.mst.png,28034,1030.mst.png,.png,167,mst
60,imgs\1031.mst.png,30020,1031.mst.png,.png,173,mst
61,imgs\1032.mst.png,21967,1032.mst.png,.png,148,mst
62,imgs\1033.mst.png,1186,1033.mst.png,.png,34,mst
63,imgs\1034.mst.png,29540,1034.mst.png,.png,171,mst
64,imgs\1035.mst.png,23782,1035.mst.png,.png,154,mst
65,imgs\1036.mst.png,32113,1036.mst.png,.png,179,mst
66,imgs\1040.mst.png,25878,1040.mst.png,.png,160,mst
67,imgs\1041.mst.png,28756,1041.mst.png,.png,169,mst
68,imgs\1042.mst.png,17425,1042.mst.png,.png,132,mst
69,imgs\1043.mst.png,33007,1043.mst.png,.png,181,mst
70,imgs\1044.mst.png,26088,1044.mst.png,.png,161,mst
71,imgs\1046.mst.png,27787,1046.mst.png,.png,166,mst
72,imgs\1049.mst.png,17074,1049.mst.png,.png,130,mst
73,imgs\1053.mst.png,27531,1053.mst.png,.png,165,mst
74,imgs\1054.mst.png,18858,1054.mst.png,.png,137,mst
75,imgs\1055.mst.png,28123,1055.mst.png,.png,167,mst
76,imgs\2052.mst.png,18512,2052.mst.png,.png,136,mst
77,imgs\7z.dll.png,945339,7z.dll.png,.png,972,dll
78,imgs\7z.exe.png,487332,7z.exe.png,.png,698,exe
79,imgs\a-volutenhapo4swc.cat.png,67564,a-volutenhapo4swc.cat.png,.png,259,cat
80,imgs\A-VoluteNhApo4Swc.inf.png,3342,A-VoluteNhApo4Swc.inf.png,.png,57,inf
81,imgs\AccountPairPlugin.dll.png,645309,AccountPairPlugin.dll.png,.png,803,dll
82,imgs\AccountsHandlerPlugin.dll.png,1398349,AccountsHandlerPlugin.dll.png,.png,1182,dll
83,imgs\acpigold.mof.png,576,acpigold.mof.png,.png,24,mof
84,imgs\ADDL_COMMON.dll.png,519669,ADDL_COMMON.dll.png,.png,720,dll
85,imgs\Adjustments.yaml.png,4623,Adjustments.yaml.png,.png,67,yaml
86,imgs\Adjustments.yfx.png,931,Adjustments.yfx.png,.png,30,yfx
87,imgs\am.pak.png,254083,am.pak.png,.png,504,pak
88,imgs\amd-vulkan32.json.png,522,amd-vulkan32.json.png,.png,22,json
89,imgs\amd-vulkan64.json.png,522,amd-vulkan64.json.png,.png,22,json
90,imgs\amdacpbus.cat.png,6839,amdacpbus.cat.png,.png,82,cat
91,imgs\amdacpbus.inf.png,1504,amdacpbus.inf.png,.png,38,inf
92,imgs\amdacpbus.msi.png,80397,amdacpbus.msi.png,.png,283,msi
93,imgs\amdacpbus.sys.png,4526483,amdacpbus.sys.png,.png,2127,sys
94,imgs\AMDAUEPInstaller.xml.png,1795,AMDAUEPInstaller.xml.png,.png,42,xml
95,imgs\amdave32.dll.png,62778,amdave32.dll.png,.png,250,dll
96,imgs\amdave64.dll.png,70730,amdave64.dll.png,.png,265,dll
97,imgs\AMDCleanupUtility.exe.png,1000080,AMDCleanupUtility.exe.png,.png,1000,exe
98,imgs\AMDCOMPUTE.xml.png,1938,AMDCOMPUTE.xml.png,.png,44,xml
99,imgs\amde31a.dat.png,107618,amde31a.dat.png,.png,328,dat
100,imgs\amde34a.dat.png,109383,amde34a.dat.png,.png,330,dat
101,imgs\amde34b.dat.png,109418,amde34b.dat.png,.png,330,dat
102,imgs\amde40a.dat.png,118087,amde40a.dat.png,.png,343,dat
103,imgs\amdefctb.dat.png,137620,amdefctb.dat.png,.png,370,dat
104,imgs\amdfendr.cat.png,6942,amdfendr.cat.png,.png,83,cat
105,imgs\amdfendr.inf.png,1449,amdfendr.inf.png,.png,38,inf
106,imgs\amdfendr.sys.png,74151,amdfendr.sys.png,.png,272,sys
107,imgs\amdfendrsr.ex_.png,274703,amdfendrsr.ex_.png,.png,524,ex_
108,imgs\amdgfxinfo32.dll.png,194644,amdgfxinfo32.dll.png,.png,441,dll
109,imgs\amdgfxinfo64.dll.png,259943,amdgfxinfo64.dll.png,.png,509,dll
110,imgs\amdgpio2.cat.png,6946,amdgpio2.cat.png,.png,83,cat
111,imgs\amdgpio2.inf.png,1298,amdgpio2.inf.png,.png,36,inf
112,imgs\amdgpio2.sys.png,28644,amdgpio2.sys.png,.png,169,sys
113,imgs\amdh264enc32.dll.png,665193,amdh264enc32.dll.png,.png,815,dll
114,imgs\amdh264enc64.dll.png,926956,amdh264enc64.dll.png,.png,962,dll
115,imgs\amdh265enc32.dll.png,510779,amdh265enc32.dll.png,.png,714,dll
116,imgs\amdh265enc64.dll.png,638891,amdh265enc64.dll.png,.png,799,dll
117,imgs\amdhdl32.dll.png,184786,amdhdl32.dll.png,.png,429,dll
118,imgs\amdhdl64.dll.png,247854,amdhdl64.dll.png,.png,497,dll
119,imgs\amdhip64.dll.png,30556464,amdhip64.dll.png,.png,5527,dll
120,imgs\amdhwdecoder_32.dll.png,135236,amdhwdecoder_32.dll.png,.png,367,dll
121,imgs\amdhwdecoder_64.dll.png,177625,amdhwdecoder_64.dll.png,.png,421,dll
122,imgs\amdi2c.cat.png,6810,amdi2c.cat.png,.png,82,cat
123,imgs\amdi2c.inf.png,1181,amdi2c.inf.png,.png,34,inf
124,imgs\amdi2c.sys.png,43699,amdi2c.sys.png,.png,209,sys
125,imgs\amdicdxx.dat.png,87162,amdicdxx.dat.png,.png,295,dat
126,imgs\amdihk32.dll.png,110174,amdihk32.dll.png,.png,331,dll
127,imgs\amdihk64.dll.png,125852,amdihk64.dll.png,.png,354,dll
128,imgs\AMDInstallUEP.exe.png,1084918,AMDInstallUEP.exe.png,.png,1041,exe
129,imgs\amdkernelevents.mc.png,12213,amdkernelevents.mc.png,.png,110,mc
130,imgs\amdkmdae.cat.png,7564,amdkmdae.cat.png,.png,86,cat
131,imgs\AMDkmdaE.inf.png,3973,AMDkmdaE.inf.png,.png,63,inf
132,imgs\amdkmdag.sys.png,27462057,amdkmdag.sys.png,.png,5240,sys
133,imgs\amdkmdap.sys.png,384090,amdkmdap.sys.png,.png,619,sys
134,imgs\amdkmpfd.ctz.png,6762,amdkmpfd.ctz.png,.png,82,ctz
135,imgs\amdkmpfd.itz.png,1406,amdkmpfd.itz.png,.png,37,itz
136,imgs\amdkmpfd.stz.png,65063,amdkmpfd.stz.png,.png,255,stz
137,imgs\AMDLinkDriverUpdate.xml.png,1778,AMDLinkDriverUpdate.xml.png,.png,42,xml
138,imgs\amdlogum.exe.png,258691,amdlogum.exe.png,.png,508,exe
139,imgs\amdlvr32.dll.png,366870,amdlvr32.dll.png,.png,605,dll
140,imgs\amdlvr64.dll.png,510861,amdlvr64.dll.png,.png,714,dll
141,imgs\amdmiracast.dll.png,342300,amdmiracast.dll.png,.png,585,dll
142,imgs\amdmmcl.dll.png,81516,amdmmcl.dll.png,.png,285,dll
143,imgs\amdmmcl6.dll.png,87585,amdmmcl6.dll.png,.png,295,dll
144,imgs\amdocl.dll.png,24382438,amdocl.dll.png,.png,4937,dll
145,imgs\amdocl12cl.dll.png,10472007,amdocl12cl.dll.png,.png,3236,dll
146,imgs\amdocl12cl64.dll.png,13575470,amdocl12cl64.dll.png,.png,3684,dll
147,imgs\amdocl64.dll.png,30465209,amdocl64.dll.png,.png,5519,dll
148,imgs\AMDPCIDev.cat.png,6852,AMDPCIDev.cat.png,.png,82,cat
149,imgs\AMDPCIDev.inf.png,1074,AMDPCIDev.inf.png,.png,32,inf
150,imgs\AMDPCIDev.sys.png,21616,AMDPCIDev.sys.png,.png,147,sys
151,imgs\amdpcom32.dll.png,69396,amdpcom32.dll.png,.png,263,dll
152,imgs\amdpcom64.dll.png,82116,amdpcom64.dll.png,.png,286,dll
153,imgs\amdpsp.cat.png,7542,amdpsp.cat.png,.png,86,cat
154,imgs\amdpsp.inf.png,2301,amdpsp.inf.png,.png,47,inf
155,imgs\amdpsp.sys.png,66766,amdpsp.sys.png,.png,258,sys
156,imgs\AMDRELAUNCHER.xml.png,1014,AMDRELAUNCHER.xml.png,.png,31,xml
157,imgs\AMDSplashScreen.exe.png,3107128,AMDSplashScreen.exe.png,.png,1762,exe
158,imgs\amdtee_api32.dll.png,186771,amdtee_api32.dll.png,.png,432,dll
159,imgs\amdtee_api64.dll.png,245781,amdtee_api64.dll.png,.png,495,dll
160,imgs\AMDUpdater.xml.png,1174,AMDUpdater.xml.png,.png,34,xml
161,imgs\amduve32.dll.png,78902,amduve32.dll.png,.png,280,dll
162,imgs\amduve64.dll.png,97194,amduve64.dll.png,.png,311,dll
163,imgs\AMDUWPLauncher.xml.png,1095,AMDUWPLauncher.xml.png,.png,33,xml
164,imgs\amdvlk32.dll.png,11764111,amdvlk32.dll.png,.png,3429,dll
165,imgs\amdvlk64.dll.png,13988652,amdvlk64.dll.png,.png,3740,dll
166,imgs\amdxc32.dll.png,13994428,amdxc32.dll.png,.png,3740,dll
167,imgs\amdxc64.dll.png,15835394,amdxc64.dll.png,.png,3979,dll
168,imgs\amdxc64.so.png,17040571,amdxc64.so.png,.png,4128,so
169,imgs\amdxcstub32.dll.png,66893,amdxcstub32.dll.png,.png,258,dll
170,imgs\amdxcstub64.dll.png,72058,amdxcstub64.dll.png,.png,268,dll
171,imgs\amdxn32.dll.png,8139421,amdxn32.dll.png,.png,2852,dll
172,imgs\amdxn64.dll.png,9857387,amdxn64.dll.png,.png,3139,dll
173,imgs\amd_ags_x64.dll.png,110499,amd_ags_x64.dll.png,.png,332,dll
174,imgs\amd_comgr.dll.png,40332343,amd_comgr.dll.png,.png,6350,dll
175,imgs\amd_comgr32.dll.png,29424937,amd_comgr32.dll.png,.png,5424,dll
176,imgs\amd_icon_pro.ico.png,350,amd_icon_pro.ico.png,.png,18,ico
177,imgs\amd_opencl32.dll.png,79647,amd_opencl32.dll.png,.png,282,dll
178,imgs\amd_opencl64.dll.png,93459,amd_opencl64.dll.png,.png,305,dll
179,imgs\amf-mft-mjpeg-decoder32.dll.png,622140,amf-mft-mjpeg-decoder32.dll.png,.png,788,dll
180,imgs\amf-mft-mjpeg-decoder64.dll.png,875731,amf-mft-mjpeg-decoder64.dll.png,.png,935,dll
181,imgs\amfrt32.dll.png,1780950,amfrt32.dll.png,.png,1334,dll
182,imgs\amfrt64.dll.png,2258763,amfrt64.dll.png,.png,1502,dll
183,imgs\APEX_BasicFSCHECKED_x86.dll.png,458051,APEX_BasicFSCHECKED_x86.dll.png,.png,676,dll
184,imgs\APEX_BasicIOSCHECKED_x86.dll.png,566262,APEX_BasicIOSCHECKED_x86.dll.png,.png,752,dll
185,imgs\APEX_FieldSamplerCHECKED_x86.dll.png,231762,APEX_FieldSamplerCHECKED_x86.dll.png,.png,481,dll
186,imgs\APEX_IOFXCHECKED_x86.dll.png,1001225,APEX_IOFXCHECKED_x86.dll.png,.png,1000,dll
187,imgs\APEX_ParticlesCHECKED_x86.dll.png,2336876,APEX_ParticlesCHECKED_x86.dll.png,.png,1528,dll
188,imgs\APEX_Particles_x64.dll.png,4770217,APEX_Particles_x64.dll.png,.png,2184,dll
189,imgs\APEX_Particles_x86.dll.png,2743638,APEX_Particles_x86.dll.png,.png,1656,dll
190,imgs\APEX_TurbulenceFSCHECKED_x86.dll.png,862501,APEX_TurbulenceFSCHECKED_x86.dll.png,.png,928,dll
191,imgs\APEX_TurbulenceFS_x64.dll.png,1809985,APEX_TurbulenceFS_x64.dll.png,.png,1345,dll
192,imgs\APEX_TurbulenceFS_x86.dll.png,877138,APEX_TurbulenceFS_x86.dll.png,.png,936,dll
193,imgs\app.js.png,536168,app.js.png,.png,732,js
194,imgs\AppControlAggregator.dll.png,910792,AppControlAggregator.dll.png,.png,954,dll
195,imgs\AppController.dll.png,2327953,AppController.dll.png,.png,1525,dll
196,imgs\ApplicationOntology.7z.png,1177761,ApplicationOntology.7z.png,.png,1085,7z
197,imgs\AppListAggregator.dll.png,1860605,AppListAggregator.dll.png,.png,1364,dll
198,imgs\ar.pak.png,254778,ar.pak.png,.png,504,pak
199,imgs\ati2erec.dll.png,41865,ati2erec.dll.png,.png,204,dll
200,imgs\atiacm64.dll.png,485843,atiacm64.dll.png,.png,697,dll
201,imgs\atiacmlocalisation.ini.png,5617,atiacmlocalisation.ini.png,.png,74,ini
202,imgs\atiadlxx.dll.png,944749,atiadlxx.dll.png,.png,971,dll
203,imgs\atiadlxy.dll.png,635549,atiadlxy.dll.png,.png,797,dll
204,imgs\atiapfxx.blb.png,114695,atiapfxx.blb.png,.png,338,blb
205,imgs\aticfx32.dll.png,657325,aticfx32.dll.png,.png,810,dll
206,imgs\aticfx64.dll.png,1000327,aticfx64.dll.png,.png,1000,dll
207,imgs\aticfxstub32.dll.png,89650,aticfxstub32.dll.png,.png,299,dll
208,imgs\aticfxstub64.dll.png,103513,aticfxstub64.dll.png,.png,321,dll
209,imgs\atidemgy.dll.png,180681,atidemgy.dll.png,.png,425,dll
210,imgs\atidxx32.dll.png,8999193,atidxx32.dll.png,.png,2999,dll
211,imgs\atidxx64.dll.png,10585276,atidxx64.dll.png,.png,3253,dll
212,imgs\atidxxstub32.dll.png,68315,atidxxstub32.dll.png,.png,261,dll
213,imgs\atidxxstub64.dll.png,74314,atidxxstub64.dll.png,.png,272,dll
214,imgs\atieah32.exe.png,187819,atieah32.exe.png,.png,433,exe
215,imgs\atieah64.exe.png,252513,atieah64.exe.png,.png,502,exe
216,imgs\atieclxx.exe.png,432945,atieclxx.exe.png,.png,657,exe
217,imgs\atiesrxx.exe.png,288419,atiesrxx.exe.png,.png,537,exe
218,imgs\atig6pxx.dll.png,110400,atig6pxx.dll.png,.png,332,dll
219,imgs\atig6txx.dll.png,152450,atig6txx.dll.png,.png,390,dll
220,imgs\atigktxx.dll.png,131653,atigktxx.dll.png,.png,362,dll
221,imgs\atiglpxx.dll.png,95732,atiglpxx.dll.png,.png,309,dll
222,imgs\atiicdxx.dat.png,49277,atiicdxx.dat.png,.png,221,dat
223,imgs\atimpc32.dll.png,68866,atimpc32.dll.png,.png,262,dll
224,imgs\atimpc64.dll.png,81891,atimpc64.dll.png,.png,286,dll
225,imgs\atimuixx.dll.png,43400,atimuixx.dll.png,.png,208,dll
226,imgs\atio6axx.dll.png,17057137,atio6axx.dll.png,.png,4130,dll
227,imgs\atioglxx.dll.png,12976921,atioglxx.dll.png,.png,3602,dll
228,imgs\atisamu32.dll.png,90585,atisamu32.dll.png,.png,300,dll
229,imgs\atisamu64.dll.png,105589,atisamu64.dll.png,.png,324,dll
230,imgs\ATISetup.exe.png,1483967,ATISetup.exe.png,.png,1218,exe
231,imgs\atiu9p64.dll.png,132873,atiu9p64.dll.png,.png,364,dll
232,imgs\atiu9pag.dll.png,110726,atiu9pag.dll.png,.png,332,dll
233,imgs\atiumd64.dll.png,6765124,atiumd64.dll.png,.png,2600,dll
234,imgs\atiumd6a.cap.png,3443877,atiumd6a.cap.png,.png,1855,cap
235,imgs\atiumd6a.dll.png,6979563,atiumd6a.dll.png,.png,2641,dll
236,imgs\atiumdag.dll.png,5348567,atiumdag.dll.png,.png,2312,dll
237,imgs\atiumdva.cap.png,3474583,atiumdva.cap.png,.png,1864,cap
238,imgs\atiumdva.dll.png,6250897,atiumdva.dll.png,.png,2500,dll
239,imgs\atiuxp64.dll.png,135200,atiuxp64.dll.png,.png,367,dll
240,imgs\atiuxpag.dll.png,118421,atiuxpag.dll.png,.png,344,dll
241,imgs\ativce02.dat.png,70055,ativce02.dat.png,.png,264,dat
242,imgs\ativce03.dat.png,110003,ativce03.dat.png,.png,331,dat
243,imgs\ativvaxy_cik.dat.png,235089,ativvaxy_cik.dat.png,.png,484,dat
244,imgs\ativvaxy_cik_nd.dat.png,176706,ativvaxy_cik_nd.dat.png,.png,420,dat
245,imgs\ativvaxy_cz_nd.dat.png,181366,ativvaxy_cz_nd.dat.png,.png,425,dat
246,imgs\ativvaxy_el_nd.dat.png,279087,ativvaxy_el_nd.dat.png,.png,528,dat
247,imgs\ativvaxy_fj.dat.png,268206,ativvaxy_fj.dat.png,.png,517,dat
248,imgs\ativvaxy_fj_nd.dat.png,180740,ativvaxy_fj_nd.dat.png,.png,425,dat
249,imgs\ativvaxy_gl_nd.dat.png,277193,ativvaxy_gl_nd.dat.png,.png,526,dat
250,imgs\ativvaxy_nv.dat.png,310353,ativvaxy_nv.dat.png,.png,557,dat
251,imgs\ativvaxy_rv.dat.png,280695,ativvaxy_rv.dat.png,.png,529,dat
252,imgs\ativvaxy_stn_nd.dat.png,187520,ativvaxy_stn_nd.dat.png,.png,433,dat
253,imgs\ativvaxy_vcn3.dat.png,413310,ativvaxy_vcn3.dat.png,.png,642,dat
254,imgs\ativvaxy_vg20.dat.png,279195,ativvaxy_vg20.dat.png,.png,528,dat
255,imgs\ativvaxy_vg20_nd.dat.png,282701,ativvaxy_vg20_nd.dat.png,.png,531,dat
256,imgs\ativvaxy_vi.dat.png,325910,ativvaxy_vi.dat.png,.png,570,dat
257,imgs\ativvaxy_vi_nd.dat.png,251725,ativvaxy_vi_nd.dat.png,.png,501,dat
258,imgs\ativvsva.dat.png,157324,ativvsva.dat.png,.png,396,dat
259,imgs\ativvsvl.dat.png,204984,ativvsvl.dat.png,.png,452,dat
260,imgs\avatar_generic_118.png.png,1490,avatar_generic_118.png.png,.png,38,png
261,imgs\avolutenh3ext.cat.png,6925,avolutenh3ext.cat.png,.png,83,cat
262,imgs\AVoluteNH3Ext.inf.png,3461,AVoluteNH3Ext.inf.png,.png,58,inf
263,imgs\aws-cpp-sdk-core.dll.png,455768,aws-cpp-sdk-core.dll.png,.png,675,dll
264,imgs\aws-cpp-sdk-s3.dll.png,817431,aws-cpp-sdk-s3.dll.png,.png,904,dll
265,imgs\A_Ball_Trans.ico.png,67831,A_Ball_Trans.ico.png,.png,260,ico
266,imgs\bckgnd.jpg.png,35692,bckgnd.jpg.png,.png,188,jpg
267,imgs\bg-gradient-bottom.png.png,308,bg-gradient-bottom.png.png,.png,17,png
268,imgs\bg-gradient-left.png.png,250,bg-gradient-left.png.png,.png,15,png
269,imgs\bg-gradient-right.png.png,250,bg-gradient-right.png.png,.png,15,png
270,imgs\bg-gradient-top.png.png,250,bg-gradient-top.png.png,.png,15,png
271,imgs\bg.pak.png,277025,bg.pak.png,.png,526,pak
272,imgs\blacklist.txt.png,1345,blacklist.txt.png,.png,36,txt
273,imgs\BlacknWhite.yaml.png,2952,BlacknWhite.yaml.png,.png,54,yaml
274,imgs\BlacknWhite.yfx.png,925,BlacknWhite.yfx.png,.png,30,yfx
275,imgs\bn.pak.png,318342,bn.pak.png,.png,564,pak
276,imgs\box_checked_disabled.png.png,998,box_checked_disabled.png.png,.png,31,png
277,imgs\box_checked_enabled.png.png,880,box_checked_enabled.png.png,.png,29,png
278,imgs\box_partialcheckboxed_enabled.png.png,3260,box_partialcheckboxed_enabled.png.png,.png,57,png
279,imgs\box_unchecked_disabled.png.png,250,box_unchecked_disabled.png.png,.png,15,png
280,imgs\box_unchecked_enabled.png.png,770,box_unchecked_enabled.png.png,.png,27,png
281,imgs\branding.bmp.png,505,branding.bmp.png,.png,22,bmp
282,imgs\brandingrsx.bmp.png,3508,brandingrsx.bmp.png,.png,59,bmp
283,imgs\brandingws_rsx.bmp.png,3128,brandingws_rsx.bmp.png,.png,55,bmp
284,imgs\btn_disable_135.png.png,770,btn_disable_135.png.png,.png,27,png
285,imgs\btn_disable_180.png.png,824,btn_disable_180.png.png,.png,28,png
286,imgs\btn_disable_90.png.png,770,btn_disable_90.png.png,.png,27,png
287,imgs\btn_primary_135.png.png,938,btn_primary_135.png.png,.png,30,png
288,imgs\btn_primary_180.png.png,938,btn_primary_180.png.png,.png,30,png
289,imgs\btn_primary_90.png.png,938,btn_primary_90.png.png,.png,30,png
290,imgs\btn_primary_focus_135.png.png,938,btn_primary_focus_135.png.png,.png,30,png
291,imgs\btn_primary_focus_180.png.png,998,btn_primary_focus_180.png.png,.png,31,png
292,imgs\btn_primary_focus_90.png.png,938,btn_primary_focus_90.png.png,.png,30,png
293,imgs\btn_primary_pressed_135.png.png,938,btn_primary_pressed_135.png.png,.png,30,png
294,imgs\btn_primary_pressed_180.png.png,938,btn_primary_pressed_180.png.png,.png,30,png
295,imgs\btn_primary_pressed_90.png.png,880,btn_primary_pressed_90.png.png,.png,29,png
296,imgs\btn_secondary_135.png.png,880,btn_secondary_135.png.png,.png,29,png
297,imgs\btn_secondary_180.png.png,880,btn_secondary_180.png.png,.png,29,png
298,imgs\btn_secondary_90.png.png,880,btn_secondary_90.png.png,.png,29,png
299,imgs\btn_secondary_focus_135.png.png,880,btn_secondary_focus_135.png.png,.png,29,png
300,imgs\btn_secondary_focus_180.png.png,880,btn_secondary_focus_180.png.png,.png,29,png
301,imgs\btn_secondary_focus_90.png.png,880,btn_secondary_focus_90.png.png,.png,29,png
302,imgs\btn_secondary_pressed_135.png.png,880,btn_secondary_pressed_135.png.png,.png,29,png
303,imgs\btn_secondary_pressed_180.png.png,938,btn_secondary_pressed_180.png.png,.png,30,png
304,imgs\btn_secondary_pressed_90.png.png,880,btn_secondary_pressed_90.png.png,.png,29,png
305,imgs\BT_RAM_CODE_MT7961_1_2_hdr.bin.png,490332,BT_RAM_CODE_MT7961_1_2_hdr.bin.png,.png,700,bin
306,imgs\BuildHighlights.xml.png,3268,BuildHighlights.xml.png,.png,57,xml
307,imgs\bullet_green_arrow.png.png,178,bullet_green_arrow.png.png,.png,13,png
308,imgs\ca.pak.png,128047,ca.pak.png,.png,357,pak
309,imgs\capcore64.dll.png,599189,capcore64.dll.png,.png,774,dll
310,imgs\cccmanifest_64.json.png,13515,cccmanifest_64.json.png,.png,116,json
311,imgs\cef.pak.png,2318950,cef.pak.png,.png,1522,pak
312,imgs\cef_100_percent.pak.png,270446,cef_100_percent.pak.png,.png,520,pak
313,imgs\cef_200_percent.pak.png,394870,cef_200_percent.pak.png,.png,628,pak
314,imgs\cef_extensions.pak.png,1091651,cef_extensions.pak.png,.png,1044,pak
315,imgs\check.png.png,824,check.png.png,.png,28,png
316,imgs\checkmark.png.png,718,checkmark.png.png,.png,26,png
317,imgs\chrome_elf.dll.png,450377,chrome_elf.dll.png,.png,671,dll
318,imgs\CIMTracker.JSON.png,2858,CIMTracker.JSON.png,.png,53,JSON
319,imgs\circled_checkmark.png.png,3038,circled_checkmark.png.png,.png,55,png
320,imgs\clinfo.exe.png,211181,clinfo.exe.png,.png,459,exe
321,imgs\CNBranding.msi.png,1216668,CNBranding.msi.png,.png,1103,msi
322,imgs\CNBranding64.msi.png,1678403,CNBranding64.msi.png,.png,1295,msi
323,imgs\Color.yaml.png,2364,Color.yaml.png,.png,48,yaml
324,imgs\Color.yfx.png,1365,Color.yfx.png,.png,36,yfx
325,imgs\Colorblind.yaml.png,1789,Colorblind.yaml.png,.png,42,yaml
326,imgs\Colorblind.yfx.png,1055,Colorblind.yfx.png,.png,32,yfx
327,imgs\color_selector.png.png,4760,color_selector.png.png,.png,68,png
328,imgs\common.js.png,231487,common.js.png,.png,481,js
329,imgs\config.js.png,1800,config.js.png,.png,42,js
330,imgs\config.json.png,319,config.json.png,.png,17,json
331,imgs\ConnectionTester.dll.png,1085469,ConnectionTester.dll.png,.png,1041,dll
332,imgs\coupons_expandable_banner.png.png,36307,coupons_expandable_banner.png.png,.png,190,png
333,imgs\courgette.exe.png,291362,courgette.exe.png,.png,539,exe
334,imgs\CrimsonUtil.dll.png,267664,CrimsonUtil.dll.png,.png,517,dll
335,imgs\cs-CZ.json.png,5819,cs-CZ.json.png,.png,76,json
336,imgs\cs.pak.png,103180,cs.pak.png,.png,321,pak
337,imgs\cudart32_65.dll.png,137080,cudart32_65.dll.png,.png,370,dll
338,imgs\cudart32_90.dll.png,184445,cudart32_90.dll.png,.png,429,dll
339,imgs\cudart64_101.dll.png,203224,cudart64_101.dll.png,.png,450,dll
340,imgs\cudart64_65.dll.png,156799,cudart64_65.dll.png,.png,395,dll
341,imgs\cudnn_infer64_7.dl_.png,12564129,cudnn_infer64_7.dl_.png,.png,3544,dl_
342,imgs\CursorSpeed.cmd.png,200,CursorSpeed.cmd.png,.png,14,cmd
343,imgs\d3dcompiler_43.dll.png,1055286,d3dcompiler_43.dll.png,.png,1027,dll
344,imgs\d3dcompiler_47.dll.png,2451370,d3dcompiler_47.dll.png,.png,1565,dll
345,imgs\d3dcompiler_47_32.dll.png,1668962,d3dcompiler_47_32.dll.png,.png,1291,dll
346,imgs\d3dcompiler_47_64.dll.png,2235860,d3dcompiler_47_64.dll.png,.png,1495,dll
347,imgs\da-DK.json.png,5647,da-DK.json.png,.png,75,json
348,imgs\da.pak.png,112243,da.pak.png,.png,335,pak
349,imgs\dbInstaller.exe.png,407154,dbInstaller.exe.png,.png,638,exe
350,imgs\ddETWExternal.dll.png,6976,ddETWExternal.dll.png,.png,83,dll
351,imgs\ddETWExternal.xml.png,4651,ddETWExternal.xml.png,.png,68,xml
352,imgs\de-DE.json.png,5741,de-DE.json.png,.png,75,json
353,imgs\de.pak.png,104490,de.pak.png,.png,323,pak
354,imgs\default-cover.jpg.png,2438713,default-cover.jpg.png,.png,1561,jpg
355,imgs\DefaultGameArt.png.png,1283835,DefaultGameArt.png.png,.png,1133,png
356,imgs\defaultRig.jpg.png,143427,defaultRig.jpg.png,.png,378,jpg
357,imgs\default_banner.png.png,29839,default_banner.png.png,.png,172,png
358,imgs\desktop-notification-app.html.png,927,desktop-notification-app.html.png,.png,30,html
359,imgs\desktop-notification-app.js.png,191600,desktop-notification-app.js.png,.png,437,js
360,imgs\Details.yaml.png,2493,Details.yaml.png,.png,49,yaml
361,imgs\Details.yfx.png,2117,Details.yfx.png,.png,46,yfx
362,imgs\detoured.dll.png,7396,detoured.dll.png,.png,86,dll
363,imgs\detoured32.dll.png,15632,detoured32.dll.png,.png,125,dll
364,imgs\detoured64.dll.png,15856,detoured64.dll.png,.png,125,dll
365,imgs\dgtrayicon.exe.png,268664,dgtrayicon.exe.png,.png,518,exe
366,imgs\dialogbox-honeycomb-max.png.png,27458,dialogbox-honeycomb-max.png.png,.png,165,png
367,imgs\dialogbox-honeycomb-square.png.png,50923,dialogbox-honeycomb-square.png.png,.png,225,png
368,imgs\dialogbox-honeycomb-tall.png.png,41079,dialogbox-honeycomb-tall.png.png,.png,202,png
369,imgs\DisplayDriver.nvi.png,20106,DisplayDriver.nvi.png,.png,141,nvi
370,imgs\DisplayDriverExt.dll.png,807779,DisplayDriverExt.dll.png,.png,898,dll
371,imgs\DisplayUpdate.nvi.png,3084,DisplayUpdate.nvi.png,.png,55,nvi
372,imgs\DisplayUpdateExt.dll.png,535780,DisplayUpdateExt.dll.png,.png,731,dll
373,imgs\display_camera_icon_L.png.png,468,display_camera_icon_L.png.png,.png,21,png
374,imgs\display_camera_icon_M.png.png,471,display_camera_icon_M.png.png,.png,21,png
375,imgs\display_camera_icon_S.png.png,463,display_camera_icon_S.png.png,.png,21,png
376,imgs\display_comments_icon16.png.png,460,display_comments_icon16.png.png,.png,21,png
377,imgs\display_eye_icon16.png.png,522,display_eye_icon16.png.png,.png,22,png
378,imgs\display_graphic.png.png,26800,display_graphic.png.png,.png,163,png
379,imgs\display_record_icon16.png.png,1060,display_record_icon16.png.png,.png,32,png
380,imgs\display_watermark_icon.png.png,467,display_watermark_icon.png.png,.png,21,png
381,imgs\dlsargs.xml.png,300,dlsargs.xml.png,.png,17,xml
382,imgs\dlsnetparams.csv.png,15270,dlsnetparams.csv.png,.png,123,csv
383,imgs\DOF.yaml.png,7015,DOF.yaml.png,.png,83,yaml
384,imgs\DOF.yfx.png,5231,DOF.yfx.png,.png,72,yfx
385,imgs\downloader.js.png,2930,downloader.js.png,.png,54,js
386,imgs\Downloader.node.png,2161093,Downloader.node.png,.png,1470,node
387,imgs\dpinst64.exe.png,325279,dpinst64.exe.png,.png,570,exe
388,imgs\DriverInstall.node.png,342645,DriverInstall.node.png,.png,585,node
389,imgs\DriverInstallAPI.js.png,2695,DriverInstallAPI.js.png,.png,51,js
390,imgs\DSETUP.dll.png,57581,DSETUP.dll.png,.png,239,dll
391,imgs\dsetup32.dll.png,177713,dsetup32.dll.png,.png,421,dll
392,imgs\DXSETUP.exe.png,127674,DXSETUP.exe.png,.png,357,exe
393,imgs\dxupdate.cab.png,92332,dxupdate.cab.png,.png,303,cab
394,imgs\eeurestart.exe.png,239521,eeurestart.exe.png,.png,489,exe
395,imgs\el-GR.json.png,8874,el-GR.json.png,.png,94,json
396,imgs\el.pak.png,320917,el.pak.png,.png,566,pak
397,imgs\en-GB.json.png,5116,en-GB.json.png,.png,71,json
398,imgs\en-GB.pak.png,124656,en-GB.pak.png,.png,353,pak
399,imgs\en-US.json.png,4955,en-US.json.png,.png,70,json
400,imgs\en-US.pak.png,120767,en-US.pak.png,.png,347,pak
401,imgs\error.png.png,2618,error.png.png,.png,51,png
402,imgs\es-419.pak.png,125544,es-419.pak.png,.png,354,pak
403,imgs\es-ES.json.png,5595,es-ES.json.png,.png,74,json
404,imgs\es-MX.json.png,5825,es-MX.json.png,.png,76,json
405,imgs\es.pak.png,121198,es.pak.png,.png,348,pak
406,imgs\et.pak.png,96441,et.pak.png,.png,310,pak
407,imgs\EULA.html.png,15903,EULA.html.png,.png,126,html
408,imgs\EULA.txt.png,9326,EULA.txt.png,.png,96,txt
409,imgs\external-page-loader-app.html.png,881,external-page-loader-app.html.png,.png,29,html
410,imgs\external-page-loader-app.js.png,112858,external-page-loader-app.js.png,.png,335,js
411,imgs\fa.pak.png,261930,fa.pak.png,.png,511,pak
412,imgs\favicon.ico.png,1133,favicon.ico.png,.png,33,ico
413,imgs\fb_reaction_angry.svg.png,79052,fb_reaction_angry.svg.png,.png,281,svg
414,imgs\fb_reaction_haha.svg.png,13892,fb_reaction_haha.svg.png,.png,117,svg
415,imgs\fb_reaction_like.svg.png,9826,fb_reaction_like.svg.png,.png,99,svg
416,imgs\fb_reaction_love.svg.png,12403,fb_reaction_love.svg.png,.png,111,svg
417,imgs\fb_reaction_sad.svg.png,14133,fb_reaction_sad.svg.png,.png,118,svg
418,imgs\fb_reaction_wow.svg.png,14358,fb_reaction_wow.svg.png,.png,119,svg
419,imgs\FeatureWhitelist.json.png,994,FeatureWhitelist.json.png,.png,31,json
420,imgs\fi-FI.json.png,5346,fi-FI.json.png,.png,73,json
421,imgs\fi.pak.png,94419,fi.pak.png,.png,307,pak
422,imgs\fil.pak.png,158076,fil.pak.png,.png,397,pak
423,imgs\filternames.cfg.png,7925,filternames.cfg.png,.png,89,cfg
424,imgs\fps_counter_icon16.png.png,536,fps_counter_icon16.png.png,.png,23,png
425,imgs\fr-FR.json.png,6108,fr-FR.json.png,.png,78,json
426,imgs\fr.pak.png,118154,fr.pak.png,.png,343,pak
427,imgs\FrameView SDK License (3Sept2020).docx.png,47515,FrameView SDK License (3Sept2020).docx.png,.png,217,docx
428,imgs\FrameViewKMD.sys.png,11690,FrameViewKMD.sys.png,.png,108,sys
429,imgs\FrameViewSdk.nvi.png,2979,FrameViewSdk.nvi.png,.png,54,nvi
430,imgs\FreqTransfer32.exe.png,1320292,FreqTransfer32.exe.png,.png,1149,exe
431,imgs\FreqTransfer64.exe.png,1526818,FreqTransfer64.exe.png,.png,1235,exe
432,imgs\FunctionalConsent_ar-SA.txt.png,872,FunctionalConsent_ar-SA.txt.png,.png,29,txt
433,imgs\FunctionalConsent_cs-CZ.txt.png,849,FunctionalConsent_cs-CZ.txt.png,.png,29,txt
434,imgs\FunctionalConsent_da-DK.txt.png,702,FunctionalConsent_da-DK.txt.png,.png,26,txt
435,imgs\FunctionalConsent_de-DE.txt.png,780,FunctionalConsent_de-DE.txt.png,.png,27,txt
436,imgs\FunctionalConsent_el-GR.txt.png,1454,FunctionalConsent_el-GR.txt.png,.png,38,txt
437,imgs\FunctionalConsent_en-GB.txt.png,628,FunctionalConsent_en-GB.txt.png,.png,25,txt
438,imgs\FunctionalConsent_en-US.txt.png,628,FunctionalConsent_en-US.txt.png,.png,25,txt
439,imgs\FunctionalConsent_es-ES.txt.png,747,FunctionalConsent_es-ES.txt.png,.png,27,txt
440,imgs\FunctionalConsent_es-MX.txt.png,764,FunctionalConsent_es-MX.txt.png,.png,27,txt
441,imgs\FunctionalConsent_fi-FI.txt.png,705,FunctionalConsent_fi-FI.txt.png,.png,26,txt
442,imgs\FunctionalConsent_fr-FR.txt.png,865,FunctionalConsent_fr-FR.txt.png,.png,29,txt
443,imgs\FunctionalConsent_he-IL.txt.png,889,FunctionalConsent_he-IL.txt.png,.png,29,txt
444,imgs\FunctionalConsent_hu-HU.txt.png,873,FunctionalConsent_hu-HU.txt.png,.png,29,txt
445,imgs\FunctionalConsent_it-IT.txt.png,861,FunctionalConsent_it-IT.txt.png,.png,29,txt
446,imgs\FunctionalConsent_ja-JP.txt.png,1044,FunctionalConsent_ja-JP.txt.png,.png,32,txt
447,imgs\FunctionalConsent_ko-KR.txt.png,916,FunctionalConsent_ko-KR.txt.png,.png,30,txt
448,imgs\FunctionalConsent_nb-NO.txt.png,708,FunctionalConsent_nb-NO.txt.png,.png,26,txt
449,imgs\FunctionalConsent_nl-NL.txt.png,737,FunctionalConsent_nl-NL.txt.png,.png,27,txt
450,imgs\FunctionalConsent_pl-PL.txt.png,779,FunctionalConsent_pl-PL.txt.png,.png,27,txt
451,imgs\FunctionalConsent_pt-BR.txt.png,719,FunctionalConsent_pt-BR.txt.png,.png,26,txt
452,imgs\FunctionalConsent_pt-PT.txt.png,782,FunctionalConsent_pt-PT.txt.png,.png,27,txt
453,imgs\FunctionalConsent_ru-RU.txt.png,1215,FunctionalConsent_ru-RU.txt.png,.png,34,txt
454,imgs\FunctionalConsent_sk-SK.txt.png,861,FunctionalConsent_sk-SK.txt.png,.png,29,txt
455,imgs\FunctionalConsent_sl-SI.txt.png,746,FunctionalConsent_sl-SI.txt.png,.png,27,txt
456,imgs\FunctionalConsent_sv-SE.txt.png,731,FunctionalConsent_sv-SE.txt.png,.png,27,txt
457,imgs\FunctionalConsent_th-TH.txt.png,1539,FunctionalConsent_th-TH.txt.png,.png,39,txt
458,imgs\FunctionalConsent_tr-TR.txt.png,808,FunctionalConsent_tr-TR.txt.png,.png,28,txt
459,imgs\FunctionalConsent_zh-CHS.txt.png,629,FunctionalConsent_zh-CHS.txt.png,.png,25,txt
460,imgs\FunctionalConsent_zh-CHT.txt.png,696,FunctionalConsent_zh-CHT.txt.png,.png,26,txt
461,imgs\FvSDK.h.png,5355,FvSDK.h.png,.png,73,h
462,imgs\FvSDKTestClient.exe.png,37060,FvSDKTestClient.exe.png,.png,192,exe
463,imgs\FvSDKTestClient_Public.exe.png,35102,FvSDKTestClient_Public.exe.png,.png,187,exe
464,imgs\FvSDK_x64.dll.png,48275,FvSDK_x64.dll.png,.png,219,dll
465,imgs\FvSDK_x64.lib.png,120057,FvSDK_x64.lib.png,.png,346,lib
466,imgs\FvSDK_x64.pdb.png,551891,FvSDK_x64.pdb.png,.png,742,pdb
467,imgs\FvSDK_x64UWP.lib.png,120848,FvSDK_x64UWP.lib.png,.png,347,lib
468,imgs\FvSDK_x86.dll.png,37487,FvSDK_x86.dll.png,.png,193,dll
469,imgs\FvSDK_x86.lib.png,110997,FvSDK_x86.lib.png,.png,333,lib
470,imgs\FvSDK_x86.pdb.png,564749,FvSDK_x86.pdb.png,.png,751,pdb
471,imgs\fxtools.cfg.png,158,fxtools.cfg.png,.png,12,cfg
472,imgs\Game-Controller.png.png,996,Game-Controller.png.png,.png,31,png
473,imgs\gamemanager32.dll.png,200329,gamemanager32.dll.png,.png,447,dll
474,imgs\gamemanager64.dll.png,273179,gamemanager64.dll.png,.png,522,dll
475,imgs\GDPR_login_bkgrnd.png.png,116393,GDPR_login_bkgrnd.png.png,.png,341,png
476,imgs\GeForce Experience Permission.exe.png,60601,GeForce Experience Permission.exe.png,.png,246,exe
477,imgs\geforce_128.png.png,23324,geforce_128.png.png,.png,152,png
478,imgs\geforce_16.png.png,718,geforce_16.png.png,.png,26,png
479,imgs\geforce_48.png.png,3713,geforce_48.png.png,.png,60,png
480,imgs\GeneStor.inf.png,2676,GeneStor.inf.png,.png,51,inf
481,imgs\GeneStor.sys.png,89572,GeneStor.sys.png,.png,299,sys
482,imgs\genestor64.cat.png,6848,genestor64.cat.png,.png,82,cat
483,imgs\gfe-badge-alpha.png.png,11198,gfe-badge-alpha.png.png,.png,105,png
484,imgs\GfeSessionControl.dll.png,132543,GfeSessionControl.dll.png,.png,364,dll
485,imgs\GfeXCode.dll.png,952894,GfeXCode.dll.png,.png,976,dll
486,imgs\GfeXCode64.dll.png,1335660,GfeXCode64.dll.png,.png,1155,dll
487,imgs\GFExperience.nvi.png,30359,GFExperience.nvi.png,.png,174,nvi
488,imgs\GFExperience.NvStreamSrv.nvi.png,11085,GFExperience.NvStreamSrv.nvi.png,.png,105,nvi
489,imgs\GFExperienceExt.dll.png,691801,GFExperienceExt.dll.png,.png,831,dll
490,imgs\GFE_Logo_16.png.png,340,GFE_Logo_16.png.png,.png,18,png
491,imgs\gfn-background.jpg.png,110863,gfn-background.jpg.png,.png,332,jpg
492,imgs\GfnProductPlugin.dll.png,1360679,GfnProductPlugin.dll.png,.png,1166,dll
493,imgs\GKCN53WW.exe.png,6430170,GKCN53WW.exe.png,.png,2535,exe
494,imgs\GKCN60WW.exe.png,6493846,GKCN60WW.exe.png,.png,2548,exe
495,imgs\GLCRIcon.dll.png,1003358,GLCRIcon.dll.png,.png,1001,dll
496,imgs\gold.svg.png,817,gold.svg.png,.png,28,svg
497,imgs\gray.svg.png,847,gray.svg.png,.png,29,svg
498,imgs\GRB_1_x86.dll.png,4589315,GRB_1_x86.dll.png,.png,2142,dll
499,imgs\GreenScreen.yaml.png,3184,GreenScreen.yaml.png,.png,56,yaml
500,imgs\GreenScreen.yfx.png,1410,GreenScreen.yfx.png,.png,37,yfx
501,imgs\GreenScreenBG01.jpg.png,281322,GreenScreenBG01.jpg.png,.png,530,jpg
502,imgs\GreenScreenBG02.jpg.png,496899,GreenScreenBG02.jpg.png,.png,704,jpg
503,imgs\GsNvBackend.dll.png,697437,GsNvBackend.dll.png,.png,835,dll
504,imgs\GsProxyPlugin.dll.png,1278135,GsProxyPlugin.dll.png,.png,1130,dll
505,imgs\GsTelemetry.dll.png,785671,GsTelemetry.dll.png,.png,886,dll
506,imgs\gu.pak.png,296690,gu.pak.png,.png,544,pak
507,imgs\HDAudio.nvi.png,3643,HDAudio.nvi.png,.png,60,nvi
508,imgs\HDAudioExt.dll.png,443503,HDAudioExt.dll.png,.png,665,dll
509,imgs\HDXACPLV.inf.png,20688,HDXACPLV.inf.png,.png,143,inf
510,imgs\hdxrt.cat.png,189250,hdxrt.cat.png,.png,435,cat
511,imgs\hdxrtext.cat.png,185230,hdxrtext.cat.png,.png,430,cat
512,imgs\HDX_LenovoExt_AVO_V4_REN_ONLY_RTKGen3p1_KD.inf.png,4075,HDX_LenovoExt_AVO_V4_REN_ONLY_RTKGen3p1_KD.inf.png,.png,63,inf
513,imgs\he.pak.png,202363,he.pak.png,.png,449,pak
514,imgs\hi.pak.png,313792,hi.pak.png,.png,560,pak
515,imgs\HighresBlender32.exe.png,1384132,HighresBlender32.exe.png,.png,1176,exe
516,imgs\HighresBlender64.exe.png,1575424,HighresBlender64.exe.png,.png,1255,exe
517,imgs\honeycomb.png.png,1081,honeycomb.png.png,.png,32,png
518,imgs\Honeycomb_XL.png.png,105464,Honeycomb_XL.png.png,.png,324,png
519,imgs\hr.pak.png,114291,hr.pak.png,.png,338,pak
520,imgs\htcvive_install.bat.png,603,htcvive_install.bat.png,.png,24,bat
521,imgs\hu-HU.json.png,5836,hu-HU.json.png,.png,76,json
522,imgs\hu.pak.png,101185,hu.pak.png,.png,318,pak
523,imgs\icon.png.png,1286,icon.png.png,.png,35,png
524,imgs\icon1.25.png.png,1378,icon1.25.png.png,.png,37,png
525,imgs\icon1.5.png.png,1597,icon1.5.png.png,.png,39,png
526,imgs\icon2.0.png.png,1861,icon2.0.png.png,.png,43,png
527,imgs\icon2.5.png.png,2637,icon2.5.png.png,.png,51,png
528,imgs\icudtl.dat.png,5295200,icudtl.dat.png,.png,2301,dat
529,imgs\id.pak.png,125542,id.pak.png,.png,354,pak
530,imgs\IdentityPlugin.dll.png,279067,IdentityPlugin.dll.png,.png,528,dll
531,imgs\img_gfe_branding.svg.png,2198,img_gfe_branding.svg.png,.png,46,svg
532,imgs\img_osd_viewer_count_left_32x30.png.png,580,img_osd_viewer_count_left_32x30.png.png,.png,24,png
533,imgs\img_osd_viewer_count_middle_1x30.png.png,178,img_osd_viewer_count_middle_1x30.png.png,.png,13,png
534,imgs\img_osd_viewer_count_right_5x30.png.png,334,img_osd_viewer_count_right_5x30.png.png,.png,18,png
535,imgs\index.html.png,997,index.html.png,.png,31,html
536,imgs\index.js.png,8265,index.js.png,.png,90,js
537,imgs\INext_cs.qm.png,14300,INext_cs.qm.png,.png,119,qm
538,imgs\INext_da_DK.qm.png,14434,INext_da_DK.qm.png,.png,120,qm
539,imgs\INext_de.qm.png,17042,INext_de.qm.png,.png,130,qm
540,imgs\INext_el_GR.qm.png,13411,INext_el_GR.qm.png,.png,115,qm
541,imgs\INext_es_ES.qm.png,16466,INext_es_ES.qm.png,.png,128,qm
542,imgs\INext_fi_FI.qm.png,14654,INext_fi_FI.qm.png,.png,121,qm
543,imgs\INext_fr_FR.qm.png,15446,INext_fr_FR.qm.png,.png,124,qm
544,imgs\INext_hu_HU.qm.png,15392,INext_hu_HU.qm.png,.png,124,qm
545,imgs\INext_it_IT.qm.png,17714,INext_it_IT.qm.png,.png,133,qm
546,imgs\INext_ja.qm.png,12754,INext_ja.qm.png,.png,112,qm
547,imgs\INext_ko_KR.qm.png,11029,INext_ko_KR.qm.png,.png,105,qm
548,imgs\INext_nl_NL.qm.png,17589,INext_nl_NL.qm.png,.png,132,qm
549,imgs\INext_no.qm.png,14877,INext_no.qm.png,.png,121,qm
550,imgs\INext_pl.qm.png,15471,INext_pl.qm.png,.png,124,qm
551,imgs\INext_pt_BR.qm.png,15754,INext_pt_BR.qm.png,.png,125,qm
552,imgs\INext_ru_RU.qm.png,16624,INext_ru_RU.qm.png,.png,128,qm
553,imgs\INext_sv_SE.qm.png,14727,INext_sv_SE.qm.png,.png,121,qm
554,imgs\INext_th.qm.png,12250,INext_th.qm.png,.png,110,qm
555,imgs\INext_tr_TR.qm.png,16036,INext_tr_TR.qm.png,.png,126,qm
556,imgs\INext_zh_CN.qm.png,10156,INext_zh_CN.qm.png,.png,100,qm
557,imgs\INext_zh_TW.qm.png,11297,INext_zh_TW.qm.png,.png,106,qm
558,imgs\info-white-18dp.svg.png,308,info-white-18dp.svg.png,.png,17,svg
559,imgs\info.png.png,2230,info.png.png,.png,47,png
560,imgs\install.bat.png,283,install.bat.png,.png,16,bat
561,imgs\installer-dialog-background.png.png,128686,installer-dialog-background.png.png,.png,358,png
562,imgs\InstallerExtension.dll.png,517861,InstallerExtension.dll.png,.png,719,dll
563,imgs\installer_banner.png.png,63829,installer_banner.png.png,.png,252,png
564,imgs\installer_ver.txt.png,110,installer_ver.txt.png,.png,10,txt
565,imgs\InstallManagerApp.exe.png,399841,InstallManagerApp.exe.png,.png,632,exe
566,imgs\InstallManifest.json.png,3276,InstallManifest.json.png,.png,57,json
567,imgs\InstallUEP.xml.png,2051,InstallUEP.xml.png,.png,45,xml
568,imgs\install_bg.png.png,62323,install_bg.png.png,.png,249,png
569,imgs\install_bg_rtl.png.png,63325,install_bg_rtl.png.png,.png,251,png
570,imgs\Interop.dll.png,69399,Interop.dll.png,.png,263,dll
571,imgs\ipccommon.dll.png,332123,ipccommon.dll.png,.png,576,dll
572,imgs\ipccommon64.dll.png,407066,ipccommon64.dll.png,.png,638,dll
573,imgs\it-IT.json.png,5410,it-IT.json.png,.png,73,json
574,imgs\it.pak.png,120968,it.pak.png,.png,347,pak
575,imgs\ja-JP.json.png,7391,ja-JP.json.png,.png,85,json
576,imgs\ja.pak.png,214673,ja.pak.png,.png,463,pak
577,imgs\Jun2010_d3dx10_43_x64.cab.png,234143,Jun2010_d3dx10_43_x64.cab.png,.png,483,cab
578,imgs\Jun2010_d3dx10_43_x86.cab.png,195773,Jun2010_d3dx10_43_x86.cab.png,.png,442,cab
579,imgs\Jun2010_d3dx11_43_x64.cab.png,136503,Jun2010_d3dx11_43_x64.cab.png,.png,369,cab
580,imgs\Jun2010_d3dx11_43_x86.cab.png,107702,Jun2010_d3dx11_43_x86.cab.png,.png,328,cab
581,imgs\kapp_ci.sbin.png,124888,kapp_ci.sbin.png,.png,353,sbin
582,imgs\kapp_si.sbin.png,121421,kapp_si.sbin.png,.png,348,sbin
583,imgs\kn.pak.png,341304,kn.pak.png,.png,584,pak
584,imgs\ko-KR.json.png,6439,ko-KR.json.png,.png,80,json
585,imgs\ko.pak.png,185148,ko.pak.png,.png,430,pak
586,imgs\LDR_RGB1_18.png.png,3728,LDR_RGB1_18.png.png,.png,61,png
587,imgs\Legion_Balance.pow.png,896,Legion_Balance.pow.png,.png,29,pow
588,imgs\Legion_Permance.pow.png,665,Legion_Permance.pow.png,.png,25,pow
589,imgs\Legion_Quiet.pow.png,828,Legion_Quiet.pow.png,.png,28,pow
590,imgs\Letterbox.yaml.png,1775,Letterbox.yaml.png,.png,42,yaml
591,imgs\Letterbox.yfx.png,1025,Letterbox.yfx.png,.png,32,yfx
592,imgs\lg_osc_logo_48x48.png.png,1628,lg_osc_logo_48x48.png.png,.png,40,png
593,imgs\libcef.dll.png,60399243,libcef.dll.png,.png,7771,dll
594,imgs\libcrypto-1_1.dll.png,1369163,libcrypto-1_1.dll.png,.png,1170,dll
595,imgs\libcuda.so.1.1.png,77,libcuda.so.1.1.png,.png,8,1
596,imgs\libcuda_loader.so.png,77,libcuda_loader.so.png,.png,8,so
597,imgs\libEGL.dll.png,86474,libEGL.dll.png,.png,294,dll
598,imgs\libGLESv2.dll.png,2617626,libGLESv2.dll.png,.png,1617,dll
599,imgs\libnvidia-ml.so.1.png,707268,libnvidia-ml.so.1.png,.png,840,1
600,imgs\libnvidia-ml_loader.so.png,81125,libnvidia-ml_loader.so.png,.png,284,so
601,imgs\libnvidia-ptxjitcompiler.so.1.png,77,libnvidia-ptxjitcompiler.so.1.png,.png,8,1
602,imgs\libnvwgf2umx.so.png,77,libnvwgf2umx.so.png,.png,8,so
603,imgs\libprotobuf.dll.png,535539,libprotobuf.dll.png,.png,731,dll
604,imgs\libssl-1_1.dll.png,320649,libssl-1_1.dll.png,.png,566,dll
605,imgs\license.txt.png,37108,license.txt.png,.png,192,txt
606,imgs\LICENSES.txt.png,2804,LICENSES.txt.png,.png,52,txt
607,imgs\lineBeak.png.png,224,lineBeak.png.png,.png,14,png
608,imgs\lnblcd.cat.png,6817,lnblcd.cat.png,.png,82,cat
609,imgs\LNBLCD.INF.png,2792,LNBLCD.INF.png,.png,52,INF
610,imgs\Lock.png.png,1166,Lock.png.png,.png,34,png
611,imgs\Lock1.25.png.png,530,Lock1.25.png.png,.png,23,png
612,imgs\Lock1.5.png.png,668,Lock1.5.png.png,.png,25,png
613,imgs\Lock2.0.png.png,770,Lock2.0.png.png,.png,27,png
614,imgs\Lock2.5.png.png,938,Lock2.5.png.png,.png,30,png
615,imgs\Logger.js.png,1070,Logger.js.png,.png,32,js
616,imgs\login_left_background.png.png,73325,login_left_background.png.png,.png,270,png
617,imgs\logo.png.png,4449,logo.png.png,.png,66,png
618,imgs\logo1.25.png.png,3745,logo1.25.png.png,.png,61,png
619,imgs\logo1.5.png.png,5045,logo1.5.png.png,.png,71,png
620,imgs\logo2.0.png.png,6081,logo2.0.png.png,.png,77,png
621,imgs\logo2.5.png.png,7752,logo2.5.png.png,.png,88,png
622,imgs\lt.pak.png,104390,lt.pak.png,.png,323,pak
623,imgs\lv.pak.png,105273,lv.pak.png,.png,324,pak
624,imgs\manifest.json.png,6010,manifest.json.png,.png,77,json
625,imgs\material-icons-regular.eot.png,71670,material-icons-regular.eot.png,.png,267,eot
626,imgs\material-icons-regular.ttf.png,64885,material-icons-regular.ttf.png,.png,254,ttf
627,imgs\material-icons-regular.woff.png,63829,material-icons-regular.woff.png,.png,252,woff
628,imgs\material-icons-regular.woff2.png,37129,material-icons-regular.woff2.png,.png,192,woff2
629,imgs\mcl32.dll.png,38330,mcl32.dll.png,.png,195,dll
630,imgs\mcl64.dll.png,52574,mcl64.dll.png,.png,229,dll
631,imgs\mcu.ex_.png,528687,mcu.ex_.png,.png,727,ex_
632,imgs\messagebus-dep.conf.png,140,messagebus-dep.conf.png,.png,11,conf
633,imgs\messagebus.conf.png,217,messagebus.conf.png,.png,14,conf
634,imgs\MessageBus.dll.png,3920132,MessageBus.dll.png,.png,1979,dll
635,imgs\MessageBusRouter.dll.png,883961,MessageBusRouter.dll.png,.png,940,dll
636,imgs\messagebus_client.conf.png,124,messagebus_client.conf.png,.png,11,conf
637,imgs\ml.pak.png,378531,ml.pak.png,.png,615,pak
638,imgs\ModifyLinkUpdate.xml.png,2045,ModifyLinkUpdate.xml.png,.png,45,xml
639,imgs\MonetCHS.xml.png,5224,MonetCHS.xml.png,.png,72,xml
640,imgs\MonetCHT.xml.png,5301,MonetCHT.xml.png,.png,72,xml
641,imgs\MonetCSY.xml.png,5437,MonetCSY.xml.png,.png,73,xml
642,imgs\MonetDAN.xml.png,5490,MonetDAN.xml.png,.png,74,xml
643,imgs\MonetDEU.xml.png,5403,MonetDEU.xml.png,.png,73,xml
644,imgs\MonetENU.xml.png,5437,MonetENU.xml.png,.png,73,xml
645,imgs\MonetESP.xml.png,2129,MonetESP.xml.png,.png,46,xml
646,imgs\MonetFIN.xml.png,5425,MonetFIN.xml.png,.png,73,xml
647,imgs\MonetFRA.xml.png,2149,MonetFRA.xml.png,.png,46,xml
648,imgs\MonetGRK.xml.png,2307,MonetGRK.xml.png,.png,48,xml
649,imgs\MonetHNG.xml.png,5463,MonetHNG.xml.png,.png,73,xml
650,imgs\MonetITA.xml.png,2107,MonetITA.xml.png,.png,45,xml
651,imgs\MonetJPN.xml.png,2137,MonetJPN.xml.png,.png,46,xml
652,imgs\MonetKOR.xml.png,5250,MonetKOR.xml.png,.png,72,xml
653,imgs\MonetNLD.xml.png,5435,MonetNLD.xml.png,.png,73,xml
654,imgs\MonetNOR.xml.png,5416,MonetNOR.xml.png,.png,73,xml
655,imgs\MonetPLK.xml.png,2148,MonetPLK.xml.png,.png,46,xml
656,imgs\MonetPTB.xml.png,2120,MonetPTB.xml.png,.png,46,xml
657,imgs\MonetRSA.xml.png,2254,MonetRSA.xml.png,.png,47,xml
658,imgs\MonetSVE.xml.png,2149,MonetSVE.xml.png,.png,46,xml
659,imgs\MonetTHA.xml.png,5918,MonetTHA.xml.png,.png,76,xml
660,imgs\MonetTRK.xml.png,21431,MonetTRK.xml.png,.png,146,xml
661,imgs\MonitorTelemetry.dll.png,909088,MonitorTelemetry.dll.png,.png,953,dll
662,imgs\mouseLut.json.png,3790,mouseLut.json.png,.png,61,json
663,imgs\mr.pak.png,311861,mr.pak.png,.png,558,pak
664,imgs\ms.pak.png,139134,ms.pak.png,.png,373,pak
665,imgs\MSVCRTExt.dll.png,488639,MSVCRTExt.dll.png,.png,699,dll
666,imgs\MSVCRuntime_2017.nvi.png,8867,MSVCRuntime_2017.nvi.png,.png,94,nvi
667,imgs\mtkbt0.dat.png,1550,mtkbt0.dat.png,.png,39,dat
668,imgs\mtkbtfilter.inf.png,2938,mtkbtfilter.inf.png,.png,54,inf
669,imgs\mtkbtfilterx.cat.png,7600,mtkbtfilterx.cat.png,.png,87,cat
670,imgs\mtkbtfilterx.sys.png,108803,mtkbtfilterx.sys.png,.png,329,sys
671,imgs\mtkihvx.dll.png,257210,mtkihvx.dll.png,.png,507,dll
672,imgs\mtkwl6ex.cat.png,7217,mtkwl6ex.cat.png,.png,84,cat
673,imgs\mtkwl6ex.inf.png,31815,mtkwl6ex.inf.png,.png,178,inf
674,imgs\mtkwl6ex.sys.png,829897,mtkwl6ex.sys.png,.png,910,sys
675,imgs\NahimicAPO3ConfiguratorDaemonModule.dll.png,333777,NahimicAPO3ConfiguratorDaemonModule.dll.png,.png,577,dll
676,imgs\NahimicAPO4.dll.png,3389727,NahimicAPO4.dll.png,.png,1841,dll
677,imgs\NahimicAPO4API.dll.png,528290,NahimicAPO4API.dll.png,.png,726,dll
678,imgs\NahimicAPO4ConfiguratorDaemonModule.dll.png,324945,NahimicAPO4ConfiguratorDaemonModule.dll.png,.png,570,dll
679,imgs\NahimicAPO4ExpertAPI.dll.png,516097,NahimicAPO4ExpertAPI.dll.png,.png,718,dll
680,imgs\NahimicPnPAPO4ConfiguratorDaemonModule.dll.png,325035,NahimicPnPAPO4ConfiguratorDaemonModule.dll.png,.png,570,dll
681,imgs\NahimicService.exe.png,948135,NahimicService.exe.png,.png,973,exe
682,imgs\NahimicService.ini.png,178,NahimicService.ini.png,.png,13,ini
683,imgs\NahimicSvc32.exe.png,431936,NahimicSvc32.exe.png,.png,657,exe
684,imgs\NahimicSvc64.exe.png,608934,NahimicSvc64.exe.png,.png,780,exe
685,imgs\nahimic_mirroring.cat.png,7551,nahimic_mirroring.cat.png,.png,86,cat
686,imgs\Nahimic_Mirroring.inf.png,7284,Nahimic_Mirroring.inf.png,.png,85,inf
687,imgs\Nahimic_Mirroring.sys.png,52376,Nahimic_Mirroring.sys.png,.png,228,sys
688,imgs\natives_blob.bin.png,20282,natives_blob.bin.png,.png,142,bin
689,imgs\nb-NO.json.png,5260,nb-NO.json.png,.png,72,json
690,imgs\nb.pak.png,108375,nb.pak.png,.png,329,pak
691,imgs\NetworkCaptureControl.dll.png,907852,NetworkCaptureControl.dll.png,.png,952,dll
692,imgs\NetworkTester.dll.png,721299,NetworkTester.dll.png,.png,849,dll
693,imgs\nfan_qr_code.jpg.png,49050,nfan_qr_code.jpg.png,.png,221,jpg
694,imgs\NGXCoreExt.dll.png,539498,NGXCoreExt.dll.png,.png,734,dll
695,imgs\NH3ProductSettings.cab.png,87049,NH3ProductSettings.cab.png,.png,295,cab
696,imgs\NhNotifSys.dll.png,597213,NhNotifSys.dll.png,.png,772,dll
697,imgs\NhNotifSys.exe.png,228194,NhNotifSys.exe.png,.png,477,exe
698,imgs\NightMode.yaml.png,1133,NightMode.yaml.png,.png,33,yaml
699,imgs\NightMode.yfx.png,545,NightMode.yfx.png,.png,23,yfx
700,imgs\nl-NL.json.png,5396,nl-NL.json.png,.png,73,json
701,imgs\nl.pak.png,135140,nl.pak.png,.png,367,pak
702,imgs\nodejs.nvi.png,2406,nodejs.nvi.png,.png,49,nvi
703,imgs\node_modules.7z.png,307736,node_modules.7z.png,.png,554,7z
704,imgs\nv-custom-icons.eot.png,16313,nv-custom-icons.eot.png,.png,127,eot
705,imgs\nv-custom-icons.ttf.png,16567,nv-custom-icons.ttf.png,.png,128,ttf
706,imgs\nv-custom-icons.woff.png,16498,nv-custom-icons.woff.png,.png,128,woff
707,imgs\nv-vk32.json.png,490,nv-vk32.json.png,.png,22,json
708,imgs\nv-vk64.json.png,490,nv-vk64.json.png,.png,22,json
709,imgs\nv3dappshext.dl_.png,531904,nv3dappshext.dl_.png,.png,729,dl_
710,imgs\nv3dappshextr.dl_.png,30677,nv3dappshextr.dl_.png,.png,175,dl_
711,imgs\NvAbHub.nvi.png,1596,NvAbHub.nvi.png,.png,39,nvi
712,imgs\NvAbHubAPI.js.png,3534,NvAbHubAPI.js.png,.png,59,js
713,imgs\NvABHubAPI.node.png,230561,NvABHubAPI.node.png,.png,480,node
714,imgs\NvAccountAPI.js.png,5778,NvAccountAPI.js.png,.png,76,js
715,imgs\NvAccountAPINode.node.png,317502,NvAccountAPINode.node.png,.png,563,node
716,imgs\nvapi.dl_.png,2933760,nvapi.dl_.png,.png,1712,dl_
717,imgs\nvapi64.dl_.png,3603564,nvapi64.dl_.png,.png,1898,dl_
718,imgs\nvapo32v.dll.png,40938,nvapo32v.dll.png,.png,202,dll
719,imgs\nvapo64v.dll.png,48007,nvapo64v.dll.png,.png,219,dll
720,imgs\nvaudcap32v.dll.png,66800,nvaudcap32v.dll.png,.png,258,dll
721,imgs\nvaudcap64v.dll.png,91038,nvaudcap64v.dll.png,.png,301,dll
722,imgs\NvAutoDownload.js.png,10415,NvAutoDownload.js.png,.png,102,js
723,imgs\NvAutoDriverDownload.js.png,2469,NvAutoDriverDownload.js.png,.png,49,js
724,imgs\NvBackend.nvi.png,3437,NvBackend.nvi.png,.png,58,nvi
725,imgs\NvBackend64.dll.png,3187292,NvBackend64.dll.png,.png,1785,dll
726,imgs\NvBackendAPI.js.png,7267,NvBackendAPI.js.png,.png,85,js
727,imgs\NvBackendAPI32.dll.png,503659,NvBackendAPI32.dll.png,.png,709,dll
728,imgs\NvBackendAPI64.dll.png,754472,NvBackendAPI64.dll.png,.png,868,dll
729,imgs\NvBackendAPINode.node.png,293848,NvBackendAPINode.node.png,.png,542,node
730,imgs\NvBackendExt.dll.png,476434,NvBackendExt.dll.png,.png,690,dll
731,imgs\NvBatteryBoostCheck64.dll.png,355022,NvBatteryBoostCheck64.dll.png,.png,595,dll
732,imgs\NvCamera32.dll.png,2933717,NvCamera32.dll.png,.png,1712,dll
733,imgs\NvCamera64.dll.png,3459415,NvCamera64.dll.png,.png,1859,dll
734,imgs\NvCameraAllowlisting32.dll.png,293874,NvCameraAllowlisting32.dll.png,.png,542,dll
735,imgs\NvCameraAllowlisting64.dll.png,410600,NvCameraAllowlisting64.dll.png,.png,640,dll
736,imgs\NvCameraAPI.js.png,6046,NvCameraAPI.js.png,.png,77,js
737,imgs\NvCameraAPINode.node.png,628369,NvCameraAPINode.node.png,.png,792,node
738,imgs\NvCameraEnable.exe.png,215773,NvCameraEnable.exe.png,.png,464,exe
739,imgs\nvcbl64.dl_.png,389215,nvcbl64.dl_.png,.png,623,dl_
740,imgs\NvcDispCorePlugin.dll.png,297769,NvcDispCorePlugin.dll.png,.png,545,dll
741,imgs\NvcDispWatchdog.dll.png,367359,NvcDispWatchdog.dll.png,.png,606,dll
742,imgs\NvCommonTasks.js.png,1132,NvCommonTasks.js.png,.png,33,js
743,imgs\nvcompiler32.dl_.png,24809727,nvcompiler32.dl_.png,.png,4980,dl_
744,imgs\nvcompiler64.dl_.png,27110136,nvcompiler64.dl_.png,.png,5206,dl_
745,imgs\NvContainer.exe.png,452121,NvContainer.exe.png,.png,672,exe
746,imgs\NvContainer.nvi.png,2354,NvContainer.nvi.png,.png,48,nvi
747,imgs\NvContainerInternal.exe.png,451267,NvContainerInternal.exe.png,.png,671,exe
748,imgs\NvContainerLocalSystem.nvi.png,2613,NvContainerLocalSystem.nvi.png,.png,51,nvi
749,imgs\NvContainerMessageBus.nvi.png,2828,NvContainerMessageBus.nvi.png,.png,53,nvi
750,imgs\NvContainerNetworkService.nvi.png,1698,NvContainerNetworkService.nvi.png,.png,41,nvi
751,imgs\NvContainerRecovery.bat.png,951,NvContainerRecovery.bat.png,.png,30,bat
752,imgs\NvContainerServiceUser.nvi.png,2259,NvContainerServiceUser.nvi.png,.png,47,nvi
753,imgs\NvContainerSession.nvi.png,2157,NvContainerSession.nvi.png,.png,46,nvi
754,imgs\NvContainerTelemetryApi.dll.png,499544,NvContainerTelemetryApi.dll.png,.png,706,dll
755,imgs\NvContainerTelemetryApi.nvi.png,1378,NvContainerTelemetryApi.nvi.png,.png,37,nvi
756,imgs\NvContainerUser.nvi.png,2066,NvContainerUser.nvi.png,.png,45,nvi
757,imgs\nvcoproc.bi_.png,1704173,nvcoproc.bi_.png,.png,1305,bi_
758,imgs\nvcpl.dll.png,2623782,nvcpl.dll.png,.png,1619,dll
759,imgs\nvcuda32.dl_.png,6053402,nvcuda32.dl_.png,.png,2460,dl_
760,imgs\nvcuda64.dl_.png,6912430,nvcuda64.dl_.png,.png,2629,dl_
761,imgs\nvcuda_loader32.dl_.png,1776438,nvcuda_loader32.dl_.png,.png,1332,dl_
762,imgs\nvcuda_loader64.dl_.png,1327679,nvcuda_loader64.dl_.png,.png,1152,dl_
763,imgs\nvcuvid32.dl_.png,2567717,nvcuvid32.dl_.png,.png,1602,dl_
764,imgs\nvcuvid64.dl_.png,2922139,nvcuvid64.dl_.png,.png,1709,dl_
765,imgs\nvd3dum.dl_.png,9574688,nvd3dum.dl_.png,.png,3094,dl_
766,imgs\nvd3dumx.dl_.png,11504004,nvd3dumx.dl_.png,.png,3391,dl_
767,imgs\nvd3dumx_cfg.dl_.png,11651729,nvd3dumx_cfg.dl_.png,.png,3413,dl_
768,imgs\nvd3dum_cfg.dl_.png,9706984,nvd3dum_cfg.dl_.png,.png,3115,dl_
769,imgs\nvdebugdump.ex_.png,148966,nvdebugdump.ex_.png,.png,385,ex_
770,imgs\nvdecmftmjpeg.dl_.png,281703,nvdecmftmjpeg.dl_.png,.png,530,dl_
771,imgs\nvdecmftmjpegx.dl_.png,329157,nvdecmftmjpegx.dl_.png,.png,573,dl_
772,imgs\NVDeviceUtility32.dll.png,128213,NVDeviceUtility32.dll.png,.png,358,dll
773,imgs\NVDeviceUtility64.dll.png,158290,NVDeviceUtility64.dll.png,.png,397,dll
774,imgs\nvdevtools.dl_.png,2256691,nvdevtools.dl_.png,.png,1502,dl_
775,imgs\nvdevtoolsr.dl_.png,87635,nvdevtoolsr.dl_.png,.png,296,dl_
776,imgs\nvdispco64.exe.png,866464,nvdispco64.exe.png,.png,930,exe
777,imgs\NVDisplay.Container.exe.png,471459,NVDisplay.Container.exe.png,.png,686,exe
778,imgs\NvDisplayControl.dll.png,382912,NvDisplayControl.dll.png,.png,618,dll
779,imgs\nvdisps.dll.png,7358806,nvdisps.dll.png,.png,2712,dll
780,imgs\nvdispsr.dl_.png,6275896,nvdispsr.dl_.png,.png,2505,dl_
781,imgs\nvdlisrwrapper.exe.png,619979,nvdlisrwrapper.exe.png,.png,787,exe
782,imgs\nvdlist.dl_.png,122869,nvdlist.dl_.png,.png,350,dl_
783,imgs\nvdlistx.dl_.png,137536,nvdlistx.dl_.png,.png,370,dl_
784,imgs\NvDriverUpdateCheck64.dll.png,652177,NvDriverUpdateCheck64.dll.png,.png,807,dll
785,imgs\nvdrsdb.bi_.png,628964,nvdrsdb.bi_.png,.png,793,bi_
786,imgs\nvencmfth264.dl_.png,522336,nvencmfth264.dl_.png,.png,722,dl_
787,imgs\nvencmfth264x.dl_.png,635684,nvencmfth264x.dl_.png,.png,797,dl_
788,imgs\nvencmfthevc.dl_.png,524106,nvencmfthevc.dl_.png,.png,723,dl_
789,imgs\nvencmfthevcx.dl_.png,640896,nvencmfthevcx.dl_.png,.png,800,dl_
790,imgs\nvencodeapi.dl_.png,284174,nvencodeapi.dl_.png,.png,533,dl_
791,imgs\nvencodeapi64.dl_.png,344725,nvencodeapi64.dl_.png,.png,587,dl_
792,imgs\nvfbc.dl_.png,703071,nvfbc.dl_.png,.png,838,dl_
793,imgs\nvfbc64.dl_.png,956323,nvfbc64.dl_.png,.png,977,dl_
794,imgs\NvFBCPlugin.dll.png,633741,NvFBCPlugin.dll.png,.png,796,dll
795,imgs\nvfp64.dll.png,548559,nvfp64.dll.png,.png,740,dll
796,imgs\NvFrapsOpenVR.man.png,3631,NvFrapsOpenVR.man.png,.png,60,man
797,imgs\NVFTVRDLL64.dll.png,11141,NVFTVRDLL64.dll.png,.png,105,dll
798,imgs\nvfvsdksvc_x64.exe.png,194435,nvfvsdksvc_x64.exe.png,.png,440,exe
799,imgs\NvGalleryAPI.js.png,4351,NvGalleryAPI.js.png,.png,65,js
800,imgs\NVGalleryAPINode.node.png,349860,NVGalleryAPINode.node.png,.png,591,node
801,imgs\nvgames.dll.png,8483066,nvgames.dll.png,.png,2912,dll
802,imgs\NvGameShareAPI.js.png,4059,NvGameShareAPI.js.png,.png,63,js
803,imgs\NvGameShareAPINode.node.png,247219,NvGameShareAPINode.node.png,.png,497,node
804,imgs\nvgamesr.dl_.png,6631437,nvgamesr.dl_.png,.png,2575,dl_
805,imgs\NvGameStreamAPI.js.png,3241,NvGameStreamAPI.js.png,.png,56,js
806,imgs\NvGameStreamAPINode.node.png,294257,NvGameStreamAPINode.node.png,.png,542,node
807,imgs\nvgcshare.woff2.png,11198,nvgcshare.woff2.png,.png,105,woff2
808,imgs\NvGfeServiceBridge.dll.png,419279,NvGfeServiceBridge.dll.png,.png,647,dll
809,imgs\nvgwls.exe.png,11522317,nvgwls.exe.png,.png,3394,exe
810,imgs\nvhda.cat.png,10065,nvhda.cat.png,.png,100,cat
811,imgs\nvhda.inf.png,7135,nvhda.inf.png,.png,84,inf
812,imgs\nvhda32v.sys.png,69716,nvhda32v.sys.png,.png,264,sys
813,imgs\nvhda64v.sys.png,88142,nvhda64v.sys.png,.png,296,sys
814,imgs\nvhdap32.dll.png,20285,nvhdap32.dll.png,.png,142,dll
815,imgs\nvhdap64.dll.png,22827,nvhdap64.dll.png,.png,151,dll
816,imgs\NVI2.dll.png,2644059,NVI2.dll.png,.png,1626,dll
817,imgs\NVI2UI.dll.png,829867,NVI2UI.dll.png,.png,910,dll
818,imgs\nviccadvancedcoloridentity.ic_.png,2664,nviccadvancedcoloridentity.ic_.png,.png,51,ic_
819,imgs\NVIDIA GeForce Experience.exe.png,1548972,NVIDIA GeForce Experience.exe.png,.png,1244,exe
820,imgs\NVIDIA GeForce Experience.json.png,583,NVIDIA GeForce Experience.json.png,.png,24,json
821,imgs\NVIDIA Notification Shield.json.png,393,NVIDIA Notification Shield.json.png,.png,19,json
822,imgs\NVIDIA Notification.exe.png,1548920,NVIDIA Notification.exe.png,.png,1244,exe
823,imgs\NVIDIA Notification.json.png,306,NVIDIA Notification.json.png,.png,17,json
824,imgs\NVIDIA Share.exe.png,1548888,NVIDIA Share.exe.png,.png,1244,exe
825,imgs\NVIDIA Share.json.png,327,NVIDIA Share.json.png,.png,18,json
826,imgs\NVIDIA Web Helper.exe.png,13019153,NVIDIA Web Helper.exe.png,.png,3608,exe
827,imgs\nvidia-gf-experience-logo.svg.png,2714,nvidia-gf-experience-logo.svg.png,.png,52,svg
828,imgs\nvidia-smi.ex_.png,376064,nvidia-smi.ex_.png,.png,613,ex_
829,imgs\nvidia-smi.png,279468,nvidia-smi.png,.png,528,imgs\nvidia-smi
830,imgs\NVIDIA.SteamLauncher.exe.png,324017,NVIDIA.SteamLauncher.exe.png,.png,569,exe
831,imgs\NVIDIA.SteamLauncher.ini.png,340,NVIDIA.SteamLauncher.ini.png,.png,18,ini
832,imgs\nView.dll.png,652841,nView.dll.png,.png,807,dll
833,imgs\NView.nvi.png,10470,NView.nvi.png,.png,102,nvi
834,imgs\nView64.dll.png,1052313,nView64.dll.png,.png,1025,dll
835,imgs\NViewExt.dll.png,552860,NViewExt.dll.png,.png,743,dll
836,imgs\nViewH.dll.png,606796,nViewH.dll.png,.png,778,dll
837,imgs\nViewH64.dll.png,1037799,nViewH64.dll.png,.png,1018,dll
838,imgs\nViewMain.exe.png,898890,nViewMain.exe.png,.png,948,exe
839,imgs\nViewMain64.exe.png,1104354,nViewMain64.exe.png,.png,1050,exe
840,imgs\nViewPlugin.dll.png,110669,nViewPlugin.dll.png,.png,332,dll
841,imgs\nViewUIStrings.dll.png,456146,nViewUIStrings.dll.png,.png,675,dll
842,imgs\nvifr.dl_.png,477545,nvifr.dl_.png,.png,691,dl_
843,imgs\nvifr64.dl_.png,669494,nvifr64.dl_.png,.png,818,dl_
844,imgs\nvifropengl32.dl_.png,294223,nvifropengl32.dl_.png,.png,542,dl_
845,imgs\nvifropengl64.dl_.png,352319,nvifropengl64.dl_.png,.png,593,dl_
846,imgs\NvImageConvert32.exe.png,1319270,NvImageConvert32.exe.png,.png,1148,exe
847,imgs\NvImageConvert64.exe.png,1628742,NvImageConvert64.exe.png,.png,1276,exe
848,imgs\nvinfo.pb.png,88037,nvinfo.pb.png,.png,296,pb
849,imgs\nvinject.dll.png,164474,nvinject.dll.png,.png,405,dll
850,imgs\nvinstall.cmd.png,566,nvinstall.cmd.png,.png,23,cmd
851,imgs\NvInstallerUtil.dll.png,2121663,NvInstallerUtil.dll.png,.png,1456,dll
852,imgs\nvlddmkm.sy_.png,31812290,nvlddmkm.sy_.png,.png,5640,sy_
853,imgs\nvldumd.dl_.png,357638,nvldumd.dl_.png,.png,598,dl_
854,imgs\nvldumdx.dl_.png,436740,nvldumdx.dl_.png,.png,660,dl_
855,imgs\nvlicensings.dl_.png,2259995,nvlicensings.dl_.png,.png,1503,dl_
856,imgs\nvlicensingsr.dl_.png,80875,nvlicensingsr.dl_.png,.png,284,dl_
857,imgs\nvlt.cat.png,2628201,nvlt.cat.png,.png,1621,cat
858,imgs\nvlt.inf.png,106567,nvlt.inf.png,.png,326,inf
859,imgs\NvMdnsPlugin.dll.png,1153864,NvMdnsPlugin.dll.png,.png,1074,dll
860,imgs\NvMessageBusBroadcast.dll.png,1544481,NvMessageBusBroadcast.dll.png,.png,1242,dll
861,imgs\NvMessageBusBroadcast.json.png,71,NvMessageBusBroadcast.json.png,.png,8,json
862,imgs\nvmf64.dll.png,476837,nvmf64.dll.png,.png,690,dll
863,imgs\nvml.dll.png,533204,nvml.dll.png,.png,730,dll
864,imgs\nvml_loader.dll.png,145969,nvml_loader.dll.png,.png,382,dll
865,imgs\NvModuleTracker.cat.png,7107,NvModuleTracker.cat.png,.png,84,cat
866,imgs\NvModuleTracker.inf.png,1528,NvModuleTracker.inf.png,.png,39,inf
867,imgs\NvModuleTracker.nvi.png,904,NvModuleTracker.nvi.png,.png,30,nvi
868,imgs\NvModuleTracker.sys.png,28319,NvModuleTracker.sys.png,.png,168,sys
869,imgs\nvngx.dl_.png,257423,nvngx.dl_.png,.png,507,dl_
870,imgs\nvngx_dlisr.dll.png,32317087,nvngx_dlisr.dll.png,.png,5684,dll
871,imgs\nvngx_update.ex_.png,710057,nvngx_update.ex_.png,.png,842,ex_
872,imgs\NvNodeExt.dll.png,644704,NvNodeExt.dll.png,.png,802,dll
873,imgs\nvnodejslauncher.exe.png,312321,nvnodejslauncher.exe.png,.png,558,exe
874,imgs\nvofapi.dl_.png,254758,nvofapi.dl_.png,.png,504,dl_
875,imgs\nvofapi64.dl_.png,305710,nvofapi64.dl_.png,.png,552,dl_
876,imgs\nvoglv32.dl_.png,16802373,nvoglv32.dl_.png,.png,4099,dl_
877,imgs\nvoglv64.dl_.png,21591439,nvoglv64.dl_.png,.png,4646,dl_
878,imgs\nvopencl32.dl_.png,5233998,nvopencl32.dl_.png,.png,2287,dl_
879,imgs\nvopencl64.dl_.png,6090505,nvopencl64.dl_.png,.png,2467,dl_
880,imgs\nvoptix.dl_.png,117571542,nvoptix.dl_.png,.png,10843,dl_
881,imgs\nvpcf.cat.png,6779,nvpcf.cat.png,.png,82,cat
882,imgs\nvpcf.inf.png,1300,nvpcf.inf.png,.png,36,inf
883,imgs\NVPCF.nvi.png,990,NVPCF.nvi.png,.png,31,nvi
884,imgs\nvpcf.sys.png,130055,nvpcf.sys.png,.png,360,sys
885,imgs\nvpciflt.sy_.png,30823,nvpciflt.sy_.png,.png,175,sy_
886,imgs\nvPerfProvider.man.png,2667,nvPerfProvider.man.png,.png,51,man
887,imgs\NvPinPairUi.dll.png,4572520,NvPinPairUi.dll.png,.png,2138,dll
888,imgs\NvPluginAbHub64.dll.png,1920774,NvPluginAbHub64.dll.png,.png,1385,dll
889,imgs\NvPluginAbHubClient32.dll.png,492760,NvPluginAbHubClient32.dll.png,.png,701,dll
890,imgs\NvPluginAbHubClient64.dll.png,695278,NvPluginAbHubClient64.dll.png,.png,833,dll
891,imgs\NvPluginNvapiMonitor.dll.png,255177,NvPluginNvapiMonitor.dll.png,.png,505,dll
892,imgs\NvPluginNvapiMonitor.nvi.png,1761,NvPluginNvapiMonitor.nvi.png,.png,41,nvi
893,imgs\NvPluginWatchdog.dll.png,354309,NvPluginWatchdog.dll.png,.png,595,dll
894,imgs\NvPluginWatchdog.nvi.png,1759,NvPluginWatchdog.nvi.png,.png,41,nvi
895,imgs\NvPortForwardPlugin.dll.png,732404,NvPortForwardPlugin.dll.png,.png,855,dll
896,imgs\NvProfileUpdater64.exe.png,511068,NvProfileUpdater64.exe.png,.png,714,exe
897,imgs\NvProfileUpdaterPlugin.dll.png,1121005,NvProfileUpdaterPlugin.dll.png,.png,1058,dll
898,imgs\NVPrxy32.dll.png,525654,NVPrxy32.dll.png,.png,725,dll
899,imgs\NVPrxy64.dll.png,735999,NVPrxy64.dll.png,.png,857,dll
900,imgs\nvptxjitcompiler32.dl_.png,5111518,nvptxjitcompiler32.dl_.png,.png,2260,dl_
901,imgs\nvptxjitcompiler64.dl_.png,5632792,nvptxjitcompiler64.dl_.png,.png,2373,dl_
902,imgs\NvRemux.dll.png,597582,NvRemux.dll.png,.png,773,dll
903,imgs\NvRemux64.dll.png,728505,NvRemux64.dll.png,.png,853,dll
904,imgs\nvrla.exe.png,395886,nvrla.exe.png,.png,629,exe
905,imgs\NvRtmpStreamer64.dll.png,550977,NvRtmpStreamer64.dll.png,.png,742,dll
906,imgs\nvrtum64.dl_.png,37907830,nvrtum64.dl_.png,.png,6156,dl_
907,imgs\NvSDKAPI.js.png,3953,NvSDKAPI.js.png,.png,62,js
908,imgs\NvSDKAPINode.node.png,1043533,NvSDKAPINode.node.png,.png,1021,node
909,imgs\nvsetup.exe.png,44757,nvsetup.exe.png,.png,211,exe
910,imgs\NvShadowPlayAPI.js.png,10972,NvShadowPlayAPI.js.png,.png,104,js
911,imgs\NvShadowPlayAPINode.node.png,397517,NvShadowPlayAPINode.node.png,.png,630,node
912,imgs\nvShell.dll.png,360874,nvShell.dll.png,.png,600,dll
913,imgs\nvshext.dl_.png,77128,nvshext.dl_.png,.png,277,dl_
914,imgs\NvSHIM.exe.png,742700,NvSHIM.exe.png,.png,861,exe
915,imgs\nvsmartmax.dl_.png,121658,nvsmartmax.dl_.png,.png,348,dl_
916,imgs\nvsmartmax64.dl_.png,124993,nvsmartmax64.dl_.png,.png,353,dl_
917,imgs\nvsmartmaxapp.ex_.png,142701,nvsmartmaxapp.ex_.png,.png,377,ex_
918,imgs\nvsmartmaxapp64.ex_.png,146378,nvsmartmaxapp64.ex_.png,.png,382,ex_
919,imgs\nvspapi.dll.png,740101,nvspapi.dll.png,.png,860,dll
920,imgs\nvspapi64.dll.png,1032824,nvspapi64.dll.png,.png,1016,dll
921,imgs\nvspapix.dll.png,727339,nvspapix.dll.png,.png,852,dll
922,imgs\nvspapix64.dll.png,1025872,nvspapix64.dll.png,.png,1012,dll
923,imgs\nvspcap.dll.png,808133,nvspcap.dll.png,.png,898,dll
924,imgs\nvspcap64.dll.png,1083630,nvspcap64.dll.png,.png,1040,dll
925,imgs\nvsphelper64.exe.png,333961,nvsphelper64.exe.png,.png,577,exe
926,imgs\nvsphelperplugin64.dll.png,382888,nvsphelperplugin64.dll.png,.png,618,dll
927,imgs\nvspscreenshot64.dll.png,520778,nvspscreenshot64.dll.png,.png,721,dll
928,imgs\nvsteamsupport.dll.png,672336,nvsteamsupport.dll.png,.png,819,dll
929,imgs\NvStreamBase.dll.png,285383,NvStreamBase.dll.png,.png,534,dll
930,imgs\NvStreamControl.dll.png,893369,NvStreamControl.dll.png,.png,945,dll
931,imgs\nvstreamer.exe.png,2164627,nvstreamer.exe.png,.png,1471,exe
932,imgs\NvStreamSrvExt.dll.png,493016,NvStreamSrvExt.dll.png,.png,702,dll
933,imgs\NvStreamUserAgentPlugin.dll.png,2480032,NvStreamUserAgentPlugin.dll.png,.png,1574,dll
934,imgs\nvsvc64.dl_.png,1229473,nvsvc64.dl_.png,.png,1108,dl_
935,imgs\nvsvcr.dl_.png,610288,nvsvcr.dl_.png,.png,781,dl_
936,imgs\nvsvs.dll.png,2855322,nvsvs.dll.png,.png,1689,dll
937,imgs\nvsvsr.dl_.png,648582,nvsvsr.dl_.png,.png,805,dl_
938,imgs\nvswcfilter.cat.png,7231,nvswcfilter.cat.png,.png,85,cat
939,imgs\NVSWCFilter.inf.png,1832,NVSWCFilter.inf.png,.png,42,inf
940,imgs\NVSWCFilter32.sys.png,24547,NVSWCFilter32.sys.png,.png,156,sys
941,imgs\NVSWCFilter64.sys.png,26374,NVSWCFilter64.sys.png,.png,162,sys
942,imgs\NvTelemetry.nvi.png,1938,NvTelemetry.nvi.png,.png,44,nvi
943,imgs\NvTelemetry64.dll.png,2670492,NvTelemetry64.dll.png,.png,1634,dll
944,imgs\NvTelemetryAPI32.dll.png,298890,NvTelemetryAPI32.dll.png,.png,546,dll
945,imgs\NvTelemetryAPI64.dll.png,380872,NvTelemetryAPI64.dll.png,.png,617,dll
946,imgs\NvTelemetryBridge32.dll.png,264099,NvTelemetryBridge32.dll.png,.png,513,dll
947,imgs\NvTelemetryBridge64.dll.png,343054,NvTelemetryBridge64.dll.png,.png,585,dll
948,imgs\NvTelemetryExt.dll.png,461262,NvTelemetryExt.dll.png,.png,679,dll
949,imgs\NvTmRep.exe.png,709014,NvTmRep.exe.png,.png,842,exe
950,imgs\nvtopps.db3.png,4035,nvtopps.db3.png,.png,63,db3
951,imgs\nvui.dl_.png,3084772,nvui.dl_.png,.png,1756,dl_
952,imgs\nvuir.dl_.png,810327,nvuir.dl_.png,.png,900,dl_
953,imgs\NvUtil.node.png,272008,NvUtil.node.png,.png,521,node
954,imgs\nvvad.cat.png,6870,nvvad.cat.png,.png,82,cat
955,imgs\nvvad.inf.png,2992,nvvad.inf.png,.png,54,inf
956,imgs\nvvad.nvi.png,3107,nvvad.nvi.png,.png,55,nvi
957,imgs\nvvad32v.sys.png,39463,nvvad32v.sys.png,.png,198,sys
958,imgs\nvvad64v.sys.png,44271,nvvad64v.sys.png,.png,210,sys
959,imgs\nvvhci.cat.png,6894,nvvhci.cat.png,.png,83,cat
960,imgs\nvvhci.inf.png,1073,nvvhci.inf.png,.png,32,inf
961,imgs\nvvhci.nvi.png,906,nvvhci.nvi.png,.png,30,nvi
962,imgs\nvvhci.sys.png,38002,nvvhci.sys.png,.png,194,sys
963,imgs\nvvitvs.dll.png,5017826,nvvitvs.dll.png,.png,2240,dll
964,imgs\nvvitvsr.dl_.png,2909630,nvvitvsr.dl_.png,.png,1705,dl_
965,imgs\nvwdmcpl.dll.png,270430,nvwdmcpl.dll.png,.png,520,dll
966,imgs\nvwdmcpl.exe.png,1574777,nvwdmcpl.exe.png,.png,1254,exe
967,imgs\nvwgf2um.dl_.png,15623634,nvwgf2um.dl_.png,.png,3952,dl_
968,imgs\nvwgf2umx.dl_.png,25172543,nvwgf2umx.dl_.png,.png,5017,dl_
969,imgs\nvwgf2umx_cfg.dl_.png,25463986,nvwgf2umx_cfg.dl_.png,.png,5046,dl_
970,imgs\nvwgf2um_cfg.dl_.png,15892918,nvwgf2um_cfg.dl_.png,.png,3986,dl_
971,imgs\nvWmi.mof.png,27612,nvWmi.mof.png,.png,166,mof
972,imgs\nvWmi64.exe.png,2081304,nvWmi64.exe.png,.png,1442,exe
973,imgs\nvwss.dll.png,7872682,nvwss.dll.png,.png,2805,dll
974,imgs\nvwssr.dl_.png,6009259,nvwssr.dl_.png,.png,2451,dl_
975,imgs\nvxdapix.dl_.png,4150913,nvxdapix.dl_.png,.png,2037,dl_
976,imgs\nvxdbat.dl_.png,774919,nvxdbat.dl_.png,.png,880,dl_
977,imgs\NvXDCore.dll.png,1025035,NvXDCore.dll.png,.png,1012,dll
978,imgs\nvxdplcy.dl_.png,879286,nvxdplcy.dl_.png,.png,937,dl_
979,imgs\nvxdsyncplugin.dll.png,968730,nvxdsyncplugin.dll.png,.png,984,dll
980,imgs\nwiz.exe.png,382739,nwiz.exe.png,.png,618,exe
981,imgs\NxCooking.dll.png,220777,NxCooking.dll.png,.png,469,dll
982,imgs\OEMAppProfiles.msi.png,548286,OEMAppProfiles.msi.png,.png,740,msi
983,imgs\OldFilm.yaml.png,3524,OldFilm.yaml.png,.png,59,yaml
984,imgs\OldFilm.yfx.png,1750,OldFilm.yfx.png,.png,41,yfx
985,imgs\opencl32.dl_.png,514998,opencl32.dl_.png,.png,717,dl_
986,imgs\opencl64.dl_.png,615980,opencl64.dl_.png,.png,784,dl_
987,imgs\opengl32sw.dll.png,10545255,opengl32sw.dll.png,.png,3247,dll
988,imgs\open_in_new.svg.png,352,open_in_new.svg.png,.png,18,svg
989,imgs\OptimusUpdate.nvi.png,4480,OptimusUpdate.nvi.png,.png,66,nvi
990,imgs\OptimusUpdateExt.dll.png,500936,OptimusUpdateExt.dll.png,.png,707,dll
991,imgs\origin-logo.png.png,1874,origin-logo.png.png,.png,43,png
992,imgs\OSC.nvi.png,2127,OSC.nvi.png,.png,46,nvi
993,imgs\OSCExt.dll.png,455507,OSCExt.dll.png,.png,674,dll
994,imgs\osc_img_appicon_24x24.png.png,498,osc_img_appicon_24x24.png.png,.png,22,png
995,imgs\osc_img_appicon_64x64.png.png,2230,osc_img_appicon_64x64.png.png,.png,47,png
996,imgs\OverClocking.dll.png,870879,OverClocking.dll.png,.png,933,dll
997,imgs\OverClocking.json.png,222,OverClocking.json.png,.png,14,json
998,imgs\OverClockingNvc.json.png,222,OverClockingNvc.json.png,.png,14,json
999,imgs\overlay_bg.png.png,178,overlay_bg.png.png,.png,13,png
1000,imgs\PairAggregatorPlugin.dll.png,176966,PairAggregatorPlugin.dll.png,.png,420,dll
1001,imgs\PassThruPairPlugin.dll.png,494994,PassThruPairPlugin.dll.png,.png,703,dll
1002,imgs\PerfStatisticsLogger.dll.png,1324054,PerfStatisticsLogger.dll.png,.png,1150,dll
1003,imgs\perfstats_preview.png.png,200,perfstats_preview.png.png,.png,14,png
1004,imgs\perf_mixer.svg.png,357,perf_mixer.svg.png,.png,18,svg
1005,imgs\PhysX.nvi.png,9285,PhysX.nvi.png,.png,96,nvi
1006,imgs\PhysX3GpuCHECKED_x86.dll.png,203019,PhysX3GpuCHECKED_x86.dll.png,.png,450,dll
1007,imgs\PhysX3Gpu_x64.dll.png,4541711,PhysX3Gpu_x64.dll.png,.png,2131,dll
1008,imgs\PhysX3Gpu_x86.dll.png,4251548,PhysX3Gpu_x86.dll.png,.png,2061,dll
1009,imgs\PhysXCooking.dll.png,210463,PhysXCooking.dll.png,.png,458,dll
1010,imgs\PhysXCooking64.dll.png,261162,PhysXCooking64.dll.png,.png,511,dll
1011,imgs\PhysXCore.dll.png,2051882,PhysXCore.dll.png,.png,1432,dll
1012,imgs\PhysXCore64.dll.png,2663363,PhysXCore64.dll.png,.png,1631,dll
1013,imgs\PhysXDevice.dll.png,147112,PhysXDevice.dll.png,.png,383,dll
1014,imgs\PhysXDevice64.dll.png,257722,PhysXDevice64.dll.png,.png,507,dll
1015,imgs\PhysxExt.dll.png,1007999,PhysxExt.dll.png,.png,1003,dll
1016,imgs\PhysXLoader.dll.png,35977,PhysXLoader.dll.png,.png,189,dll
1017,imgs\PhysXLoader64.dll.png,40260,PhysXLoader64.dll.png,.png,200,dll
1018,imgs\PhysXUpdateLoader.dll.png,47307,PhysXUpdateLoader.dll.png,.png,217,dll
1019,imgs\PhysXUpdateLoader64.dll.png,53880,PhysXUpdateLoader64.dll.png,.png,232,dll
1020,imgs\PinPairPlugin.dll.png,1202287,PinPairPlugin.dll.png,.png,1096,dll
1021,imgs\pl-PL.json.png,5966,pl-PL.json.png,.png,77,json
1022,imgs\pl.pak.png,106260,pl.pak.png,.png,325,pak
1023,imgs\playstation-logo.png.png,6548,playstation-logo.png.png,.png,80,png
1024,imgs\Poco.dll.png,2173501,Poco.dll.png,.png,1474,dll
1025,imgs\PocoInitializer.dll.png,45997,PocoInitializer.dll.png,.png,214,dll
1026,imgs\Posterize.fx.png,4315,Posterize.fx.png,.png,65,fx
1027,imgs\presentations_bg.png.png,143478,presentations_bg.png.png,.png,378,png
1028,imgs\presentations_bg_rtl.png.png,141216,presentations_bg_rtl.png.png,.png,375,png
1029,imgs\PresentMon_x64.exe.png,559739,PresentMon_x64.exe.png,.png,748,exe
1030,imgs\PrivacyPolicy_ar-SA.htm.png,9675,PrivacyPolicy_ar-SA.htm.png,.png,98,htm
1031,imgs\PrivacyPolicy_cs-CZ.htm.png,10966,PrivacyPolicy_cs-CZ.htm.png,.png,104,htm
1032,imgs\PrivacyPolicy_da-DK.htm.png,8820,PrivacyPolicy_da-DK.htm.png,.png,93,htm
1033,imgs\PrivacyPolicy_de-DE.htm.png,9260,PrivacyPolicy_de-DE.htm.png,.png,96,htm
1034,imgs\PrivacyPolicy_el-GR.htm.png,12362,PrivacyPolicy_el-GR.htm.png,.png,111,htm
1035,imgs\PrivacyPolicy_en-GB.htm.png,8901,PrivacyPolicy_en-GB.htm.png,.png,94,htm
1036,imgs\PrivacyPolicy_en-US.htm.png,9675,PrivacyPolicy_en-US.htm.png,.png,98,htm
1037,imgs\PrivacyPolicy_es-ES.htm.png,8786,PrivacyPolicy_es-ES.htm.png,.png,93,htm
1038,imgs\PrivacyPolicy_es-MX.htm.png,9650,PrivacyPolicy_es-MX.htm.png,.png,98,htm
1039,imgs\PrivacyPolicy_fi-FI.htm.png,8106,PrivacyPolicy_fi-FI.htm.png,.png,90,htm
1040,imgs\PrivacyPolicy_fr-FR.htm.png,9407,PrivacyPolicy_fr-FR.htm.png,.png,96,htm
1041,imgs\PrivacyPolicy_he-IL.htm.png,9675,PrivacyPolicy_he-IL.htm.png,.png,98,htm
1042,imgs\PrivacyPolicy_hu-HU.htm.png,10992,PrivacyPolicy_hu-HU.htm.png,.png,104,htm
1043,imgs\PrivacyPolicy_it-IT.htm.png,9104,PrivacyPolicy_it-IT.htm.png,.png,95,htm
1044,imgs\PrivacyPolicy_ja-JP.htm.png,8831,PrivacyPolicy_ja-JP.htm.png,.png,93,htm
1045,imgs\PrivacyPolicy_ko-KR.htm.png,10913,PrivacyPolicy_ko-KR.htm.png,.png,104,htm
1046,imgs\PrivacyPolicy_nb-NO.htm.png,8509,PrivacyPolicy_nb-NO.htm.png,.png,92,htm
1047,imgs\PrivacyPolicy_nl-NL.htm.png,9670,PrivacyPolicy_nl-NL.htm.png,.png,98,htm
1048,imgs\PrivacyPolicy_pl-PL.htm.png,9442,PrivacyPolicy_pl-PL.htm.png,.png,97,htm
1049,imgs\PrivacyPolicy_pt-BR.htm.png,9011,PrivacyPolicy_pt-BR.htm.png,.png,94,htm
1050,imgs\PrivacyPolicy_pt-PT.htm.png,8605,PrivacyPolicy_pt-PT.htm.png,.png,92,htm
1051,imgs\PrivacyPolicy_ru-RU.htm.png,14326,PrivacyPolicy_ru-RU.htm.png,.png,119,htm
1052,imgs\PrivacyPolicy_sk-SK.htm.png,9171,PrivacyPolicy_sk-SK.htm.png,.png,95,htm
1053,imgs\PrivacyPolicy_sl-SI.htm.png,8467,PrivacyPolicy_sl-SI.htm.png,.png,92,htm
1054,imgs\PrivacyPolicy_sv-SE.htm.png,10449,PrivacyPolicy_sv-SE.htm.png,.png,102,htm
1055,imgs\PrivacyPolicy_th-TH.htm.png,11158,PrivacyPolicy_th-TH.htm.png,.png,105,htm
1056,imgs\PrivacyPolicy_tr-TR.htm.png,9486,PrivacyPolicy_tr-TR.htm.png,.png,97,htm
1057,imgs\PrivacyPolicy_zh-CHS.htm.png,7718,PrivacyPolicy_zh-CHS.htm.png,.png,87,htm
1058,imgs\PrivacyPolicy_zh-CHT.htm.png,9815,PrivacyPolicy_zh-CHT.htm.png,.png,99,htm
1059,imgs\ProcessGroupMonitorPlugin.dll.png,268403,ProcessGroupMonitorPlugin.dll.png,.png,518,dll
1060,imgs\pspapp64.msi.png,319278,pspapp64.msi.png,.png,565,msi
1061,imgs\pt-BR.json.png,5655,pt-BR.json.png,.png,75,json
1062,imgs\pt-BR.pak.png,106991,pt-BR.pak.png,.png,327,pak
1063,imgs\pt-PT.json.png,5581,pt-PT.json.png,.png,74,json
1064,imgs\pt-PT.pak.png,108749,pt-PT.pak.png,.png,329,pak
1065,imgs\QRCodeOfGFE.png.png,12724,QRCodeOfGFE.png.png,.png,112,png
1066,imgs\RadeonInstaller.exe.png,19016705,RadeonInstaller.exe.png,.png,4360,exe
1067,imgs\radeonsoftware.appx_Windows10_PreinstallKit.zip.png,187218359,radeonsoftware.appx_Windows10_PreinstallKit.zip.png,.png,13682,zip
1068,imgs\radio_btn_selected.png.png,1790,radio_btn_selected.png.png,.png,42,png
1069,imgs\radio_btn_unselected.png.png,1550,radio_btn_unselected.png.png,.png,39,png
1070,imgs\rapidfire.dll.png,269024,rapidfire.dll.png,.png,518,dll
1071,imgs\rapidfire64.dll.png,347060,rapidfire64.dll.png,.png,589,dll
1072,imgs\rapidfireserver.dll.png,28452,rapidfireserver.dll.png,.png,168,dll
1073,imgs\rapidfireserver64.dll.png,28309,rapidfireserver64.dll.png,.png,168,dll
1074,imgs\raptr-logo.png.png,1874,raptr-logo.png.png,.png,43,png
1075,imgs\ReadMe.rtf.png,13778,ReadMe.rtf.png,.png,117,rtf
1076,imgs\README.txt.png,2292,README.txt.png,.png,47,txt
1077,imgs\realtekapo2.cat.png,69518,realtekapo2.cat.png,.png,263,cat
1078,imgs\RealtekAPO2.inf.png,12251,RealtekAPO2.inf.png,.png,110,inf
1079,imgs\realtekhsa.cat.png,6793,realtekhsa.cat.png,.png,82,cat
1080,imgs\RealtekHSA.inf.png,958,RealtekHSA.inf.png,.png,30,inf
1081,imgs\realtekservice.cat.png,21156,realtekservice.cat.png,.png,145,cat
1082,imgs\RealtekService.inf.png,3951,RealtekService.inf.png,.png,62,inf
1083,imgs\redeem_reward_default.png.png,56479,redeem_reward_default.png.png,.png,237,png
1084,imgs\redirect.html.png,726,redirect.html.png,.png,26,html
1085,imgs\redirect.js.png,853,redirect.js.png,.png,29,js
1086,imgs\ReleaseNotes.txt.png,8502,ReleaseNotes.txt.png,.png,92,txt
1087,imgs\RemoveHud.yaml.png,396,RemoveHud.yaml.png,.png,19,yaml
1088,imgs\RemoveHud.yfx.png,680,RemoveHud.yfx.png,.png,26,yfx
1089,imgs\ReShadeFXC32.exe.png,405288,ReShadeFXC32.exe.png,.png,636,exe
1090,imgs\ReShadeFXC64.exe.png,508405,ReShadeFXC64.exe.png,.png,713,exe
1091,imgs\resources.rcc.png,15925419,resources.rcc.png,.png,3990,rcc
1092,imgs\RltkAPOU642.dll.png,3903864,RltkAPOU642.dll.png,.png,1975,dll
1093,imgs\ro.pak.png,116204,ro.pak.png,.png,340,pak
1094,imgs\Roboto-Light.eot.png,79850,Roboto-Light.eot.png,.png,282,eot
1095,imgs\Roboto-Light.ttf.png,91809,Roboto-Light.ttf.png,.png,303,ttf
1096,imgs\Roboto-Light.woff.png,104679,Roboto-Light.woff.png,.png,323,woff
1097,imgs\Roboto-Regular.eot.png,20922,Roboto-Regular.eot.png,.png,144,eot
1098,imgs\Roboto-Regular.ttf.png,94964,Roboto-Regular.ttf.png,.png,308,ttf
1099,imgs\Roboto-Regular.woff.png,19489,Roboto-Regular.woff.png,.png,139,woff
1100,imgs\Roboto-Regular.woff2.png,14588,Roboto-Regular.woff2.png,.png,120,woff2
1101,imgs\rt640x64.cat.png,92419,rt640x64.cat.png,.png,304,cat
1102,imgs\rt640x64.inf.png,594383,rt640x64.inf.png,.png,770,inf
1103,imgs\rt640x64.sys.png,531662,rt640x64.sys.png,.png,729,sys
1104,imgs\RTAIODAT.DAT.png,23299865,RTAIODAT.DAT.png,.png,4826,DAT
1105,imgs\RtCOM64.dll.png,589637,RtCOM64.dll.png,.png,767,dll
1106,imgs\RtDataProc64.dll.png,185425,RtDataProc64.dll.png,.png,430,dll
1107,imgs\RtEventLog.dll.png,12509,RtEventLog.dll.png,.png,111,dll
1108,imgs\RtkApi64U.dll.png,416080,RtkApi64U.dll.png,.png,645,dll
1109,imgs\RtkAudUService64.exe.png,590547,RtkAudUService64.exe.png,.png,768,exe
1110,imgs\RtkAudUServiceConf64.dll.png,26647,RtkAudUServiceConf64.dll.png,.png,163,dll
1111,imgs\RtkCfg64.dll.png,120616,RtkCfg64.dll.png,.png,347,dll
1112,imgs\RTKVHD64.sys.png,3341931,RTKVHD64.sys.png,.png,1828,sys
1113,imgs\RtspPlugin.dll.png,1222989,RtspPlugin.dll.png,.png,1105,dll
1114,imgs\RtspServer.dll.png,1366039,RtspServer.dll.png,.png,1168,dll
1115,imgs\RtspServerMb.dll.png,184949,RtspServerMb.dll.png,.png,430,dll
1116,imgs\ru-RU.json.png,7904,ru-RU.json.png,.png,88,json
1117,imgs\ru.pak.png,272222,ru.pak.png,.png,521,pak
1118,imgs\rxaudio.dll.png,404030,rxaudio.dll.png,.png,635,dll
1119,imgs\rxcore.dll.png,923514,rxcore.dll.png,.png,960,dll
1120,imgs\rxdiag.dll.png,531322,rxdiag.dll.png,.png,728,dll
1121,imgs\rxgamepadinput.dll.png,420992,rxgamepadinput.dll.png,.png,648,dll
1122,imgs\rxgamepadremapping.dll.png,411706,rxgamepadremapping.dll.png,.png,641,dll
1123,imgs\rxnvgamepad.dll.png,439743,rxnvgamepad.dll.png,.png,663,dll
1124,imgs\samu_krnl_ci.sbin.png,154023,samu_krnl_ci.sbin.png,.png,392,sbin
1125,imgs\samu_krnl_isv_ci.sbin.png,138726,samu_krnl_isv_ci.sbin.png,.png,372,sbin
1126,imgs\scan_complete.svg.png,395,scan_complete.svg.png,.png,19,svg
1127,imgs\SCI.dll.png,363963,SCI.dll.png,.png,603,dll
1128,imgs\scratches.jpg.png,346491,scratches.jpg.png,.png,588,jpg
1129,imgs\security-certificate-app.html.png,926,security-certificate-app.html.png,.png,30,html
1130,imgs\security-certificate-app.js.png,108725,security-certificate-app.js.png,.png,329,js
1131,imgs\ServerInfoProcessor.dll.png,1351353,ServerInfoProcessor.dll.png,.png,1162,dll
1132,imgs\settings.txt.png,224,settings.txt.png,.png,14,txt
1133,imgs\setup.cfg.png,17903,setup.cfg.png,.png,133,cfg
1134,imgs\Setup.cmd.png,881,Setup.cmd.png,.png,29,cmd
1135,imgs\Setup.exe.png,293769,Setup.exe.png,.png,542,exe
1136,imgs\ShadowPlay.nvi.png,5308,ShadowPlay.nvi.png,.png,72,nvi
1137,imgs\ShadowPlayExt.dll.png,526526,ShadowPlayExt.dll.png,.png,725,dll
1138,imgs\share-app.html.png,927,share-app.html.png,.png,30,html
1139,imgs\share-app.js.png,9819,share-app.js.png,.png,99,js
1140,imgs\Sharpen.yaml.png,1953,Sharpen.yaml.png,.png,44,yaml
1141,imgs\Sharpen.yfx.png,2679,Sharpen.yfx.png,.png,51,yfx
1142,imgs\ShieldWirelessController.nvi.png,2371,ShieldWirelessController.nvi.png,.png,48,nvi
1143,imgs\ShieldWirelessControllerPlugin.dll.png,335796,ShieldWirelessControllerPlugin.dll.png,.png,579,dll
1144,imgs\ShieldWirelessControllerPlugin64.dll.png,335796,ShieldWirelessControllerPlugin64.dll.png,.png,579,dll
1145,imgs\ShotWithGeforce518x32.rgba.png,4483,ShotWithGeforce518x32.rgba.png,.png,66,rgba
1146,imgs\sk-SK.json.png,5930,sk-SK.json.png,.png,77,json
1147,imgs\sk.pak.png,104631,sk.pak.png,.png,323,pak
1148,imgs\sl-SI.json.png,5534,sl-SI.json.png,.png,74,json
1149,imgs\sl.pak.png,114041,sl.pak.png,.png,337,pak
1150,imgs\SMBUSamd.cat.png,6571,SMBUSamd.cat.png,.png,81,cat
1151,imgs\SMBUSamd.inf.png,1011,SMBUSamd.inf.png,.png,31,inf
1152,imgs\snapshot_blob.bin.png,79864,snapshot_blob.bin.png,.png,282,bin
1153,imgs\sndmft.cat.png,587780,sndmft.cat.png,.png,766,cat
1154,imgs\snDMFT.inf.png,8284,snDMFT.inf.png,.png,91,inf
1155,imgs\SonixDeviceMFT.dll.png,20058882,SonixDeviceMFT.dll.png,.png,4478,dll
1156,imgs\SpecialFX.yaml.png,5274,SpecialFX.yaml.png,.png,72,yaml
1157,imgs\SpecialFX.yfx.png,7074,SpecialFX.yfx.png,.png,84,yfx
1158,imgs\SphericalEquirect32.exe.png,1106491,SphericalEquirect32.exe.png,.png,1051,exe
1159,imgs\SphericalEquirect64.exe.png,1472424,SphericalEquirect64.exe.png,.png,1213,exe
1160,imgs\splash.png.png,162218,splash.png.png,.png,402,png
1161,imgs\splash_rtl.png.png,165498,splash_rtl.png.png,.png,406,png
1162,imgs\Splitscreen.yaml.png,4294,Splitscreen.yaml.png,.png,65,yaml
1163,imgs\Splitscreen.yfx.png,3178,Splitscreen.yfx.png,.png,56,yfx
1164,imgs\spotlight-bg.png.png,11169,spotlight-bg.png.png,.png,105,png
1165,imgs\sr.pak.png,254434,sr.pak.png,.png,504,pak
1166,imgs\SsauWatchdogPlugin.dll.png,885686,SsauWatchdogPlugin.dll.png,.png,941,dll
1167,imgs\steam-logo.png.png,3608,steam-logo.png.png,.png,60,png
1168,imgs\SteamBpController.dll.png,1727626,SteamBpController.dll.png,.png,1314,dll
1169,imgs\SteamManager.dll.png,561234,SteamManager.dll.png,.png,749,dll
1170,imgs\steam_api64.dll.png,76921,steam_api64.dll.png,.png,277,dll
1171,imgs\steam_appid.txt.png,71,steam_appid.txt.png,.png,8,txt
1172,imgs\Sticker01.png.png,48738,Sticker01.png.png,.png,220,png
1173,imgs\Sticker02.png.png,474185,Sticker02.png.png,.png,688,png
1174,imgs\Sticker03.png.png,380239,Sticker03.png.png,.png,616,png
1175,imgs\Sticker04.png.png,85506,Sticker04.png.png,.png,292,png
1176,imgs\Sticker05.png.png,59152,Sticker05.png.png,.png,243,png
1177,imgs\Sticker06.png.png,11172,Sticker06.png.png,.png,105,png
1178,imgs\Sticker07.png.png,4307,Sticker07.png.png,.png,65,png
1179,imgs\Sticker08.png.png,94935,Sticker08.png.png,.png,308,png
1180,imgs\Stickers.yaml.png,4408,Stickers.yaml.png,.png,66,yaml
1181,imgs\Stickers.yfx.png,2030,Stickers.yfx.png,.png,45,yfx
1182,imgs\StoreCleanupPlugin.dll.png,24624,StoreCleanupPlugin.dll.png,.png,156,dll
1183,imgs\StreamerController.dll.png,1368451,StreamerController.dll.png,.png,1169,dll
1184,imgs\StreamServerShared.dll.png,4238772,StreamServerShared.dll.png,.png,2058,dll
1185,imgs\support.dat.png,397,support.dat.png,.png,19,dat
1186,imgs\sv-SE.json.png,5341,sv-SE.json.png,.png,73,json
1187,imgs\sv.pak.png,103513,sv.pak.png,.png,321,pak
1188,imgs\sw.pak.png,130203,sw.pak.png,.png,360,pak
1189,imgs\swc_csr.ota.png,177540,swc_csr.ota.png,.png,421,ota
1190,imgs\swc_xmega.xmg.png,27558,swc_xmega.xmg.png,.png,166,xmg
1191,imgs\t-base_client_api32.dll.png,180785,t-base_client_api32.dll.png,.png,425,dll
1192,imgs\t-base_client_api64.dll.png,243589,t-base_client_api64.dll.png,.png,493,dll
1193,imgs\ta.pak.png,327476,ta.pak.png,.png,572,pak
1194,imgs\tbaseregistry32.dll.png,197444,tbaseregistry32.dll.png,.png,444,dll
1195,imgs\tbaseregistry64.dll.png,267173,tbaseregistry64.dll.png,.png,516,dll
1196,imgs\TDRDelay.cmd.png,250,TDRDelay.cmd.png,.png,15,cmd
1197,imgs\te.pak.png,335281,te.pak.png,.png,579,pak
1198,imgs\TestSystemDataCollectors_x64.exe.png,374909,TestSystemDataCollectors_x64.exe.png,.png,612,exe
1199,imgs\th-TH.json.png,9164,th-TH.json.png,.png,95,json
1200,imgs\th.pak.png,274687,th.pak.png,.png,524,pak
1201,imgs\theme.cfg.png,2016,theme.cfg.png,.png,44,cfg
1202,imgs\TiltShift.yaml.png,2225,TiltShift.yaml.png,.png,47,yaml
1203,imgs\TiltShift.yfx.png,2087,TiltShift.yfx.png,.png,45,yfx
1204,imgs\toolbar-divider-vertical.png.png,200,toolbar-divider-vertical.png.png,.png,14,png
1205,imgs\tools_licenses.txt.png,6556,tools_licenses.txt.png,.png,80,txt
1206,imgs\tr-TR.json.png,5809,tr-TR.json.png,.png,76,json
1207,imgs\tr.pak.png,96847,tr.pak.png,.png,311,pak
1208,imgs\twitch.png.png,758,twitch.png.png,.png,27,png
1209,imgs\u0369673.cat.png,1882485,u0369673.cat.png,.png,1372,cat
1210,imgs\U0369673.inf.png,24870,U0369673.inf.png,.png,157,inf
1211,imgs\U0369673.msi.png,85869,U0369673.msi.png,.png,293,msi
1212,imgs\ui.tga.png,56215,ui.tga.png,.png,237,tga
1213,imgs\uk.pak.png,273021,uk.pak.png,.png,522,pak
1214,imgs\UnifiedProtocol.dll.png,1510498,UnifiedProtocol.dll.png,.png,1229,dll
1215,imgs\uninstall_bg.png.png,64843,uninstall_bg.png.png,.png,254,png
1216,imgs\uninstall_bg_rtl.png.png,62323,uninstall_bg_rtl.png.png,.png,249,png
1217,imgs\UpdateCore.nvi.png,5677,UpdateCore.nvi.png,.png,75,nvi
1218,imgs\UpdateCoreExt.dll.png,575253,UpdateCoreExt.dll.png,.png,758,dll
1219,imgs\uplay-logo.png.png,3490,uplay-logo.png.png,.png,59,png
1220,imgs\user-config.js.png,282,user-config.js.png,.png,16,js
1221,imgs\Utils.js.png,1354,Utils.js.png,.png,36,js
1222,imgs\uwppair.cat.png,6564,uwppair.cat.png,.png,81,cat
1223,imgs\UWPPair.inf.png,784,UWPPair.inf.png,.png,28,inf
1224,imgs\v8_context_snapshot.bin.png,214691,v8_context_snapshot.bin.png,.png,463,bin
1225,imgs\VC_redist.x64_17.exe.png,15123800,VC_redist.x64_17.exe.png,.png,3888,exe
1226,imgs\VC_redist.x86_17.exe.png,14394631,VC_redist.x86_17.exe.png,.png,3794,exe
1227,imgs\vendor.js.png,1090251,vendor.js.png,.png,1044,js
1228,imgs\vi.pak.png,179363,vi.pak.png,.png,423,pak
1229,imgs\Vignette.yaml.png,3163,Vignette.yaml.png,.png,56,yaml
1230,imgs\Vignette.yfx.png,1197,Vignette.yfx.png,.png,34,yfx
1231,imgs\vulkan-1-x64.dl_.png,429470,vulkan-1-x64.dl_.png,.png,655,dl_
1232,imgs\vulkan-1-x86.dl_.png,372185,vulkan-1-x86.dl_.png,.png,610,dl_
1233,imgs\vulkan32.dll.png,375918,vulkan32.dll.png,.png,613,dll
1234,imgs\vulkan64.dll.png,437094,vulkan64.dll.png,.png,661,dll
1235,imgs\vulkaninfo-x64.ex_.png,710829,vulkaninfo-x64.ex_.png,.png,843,ex_
1236,imgs\vulkaninfo-x86.ex_.png,559276,vulkaninfo-x86.ex_.png,.png,747,ex_
1237,imgs\vulkaninfo32.exe.png,573443,vulkaninfo32.exe.png,.png,757,exe
1238,imgs\vulkaninfo64.exe.png,721967,vulkaninfo64.exe.png,.png,849,exe
1239,imgs\warcraft-logo.png.png,5618,warcraft-logo.png.png,.png,74,png
1240,imgs\warning.png.png,1708,warning.png.png,.png,41,png
1241,imgs\WdfCoInstaller01011.dll.png,1749301,WdfCoInstaller01011.dll.png,.png,1322,dll
1242,imgs\wechat.png.png,1124,wechat.png.png,.png,33,png
1243,imgs\WgcWrapper.dll.png,88746,WgcWrapper.dll.png,.png,297,dll
1244,imgs\WIFI_MT7961_patch_mcu_1_2_hdr.bin.png,57961,WIFI_MT7961_patch_mcu_1_2_hdr.bin.png,.png,240,bin
1245,imgs\WIFI_RAM_CODE_MT7961_1.bin.png,453518,WIFI_RAM_CODE_MT7961_1.bin.png,.png,673,bin
1246,imgs\window-footer-highlight.png.png,354,window-footer-highlight.png.png,.png,18,png
1247,imgs\window-title-bar-fill.png.png,374,window-title-bar-fill.png.png,.png,19,png
1248,imgs\wksServicePlugin.dll.png,301516,wksServicePlugin.dll.png,.png,549,dll
1249,imgs\wm-off.svg.png,1181,wm-off.svg.png,.png,34,svg
1250,imgs\wm-on.svg.png,1269,wm-on.svg.png,.png,35,svg
1251,imgs\wm_off.svg.png,1181,wm_off.svg.png,.png,34,svg
1252,imgs\wm_on.svg.png,1269,wm_on.svg.png,.png,35,svg
1253,imgs\workaround.xml.png,1250,workaround.xml.png,.png,35,xml
1254,imgs\xbox-logo.png.png,4358,xbox-logo.png.png,.png,66,png
1255,imgs\xerces-c_2_6.dll.png,1335702,xerces-c_2_6.dll.png,.png,1155,dll
1256,imgs\YAMLFXC32.exe.png,538613,YAMLFXC32.exe.png,.png,733,exe
1257,imgs\YAMLFXC64.exe.png,702821,YAMLFXC64.exe.png,.png,838,exe
1258,imgs\youtube.png.png,4193,youtube.png.png,.png,64,png
1259,imgs\zh-CHS.json.png,6120,zh-CHS.json.png,.png,78,json
1260,imgs\zh-CHT.json.png,5922,zh-CHT.json.png,.png,76,json
1261,imgs\zh-CN.pak.png,154198,zh-CN.pak.png,.png,392,pak
1262,imgs\zh-TW.pak.png,151356,zh-TW.pak.png,.png,389,pak
1263,imgs\_DisplayDriverRAS.dll.png,1181236,_DisplayDriverRAS.dll.png,.png,1086,dll
1264,imgs\_NvMsgBusBroadcast.dll.png,1543654,_NvMsgBusBroadcast.dll.png,.png,1242,dll
1265,imgs\_nvngx.dl_.png,667161,_nvngx.dl_.png,.png,816,dl_
1266,imgs\_nvppo.dll.png,788152,_nvppo.dll.png,.png,887,dll
1267,imgs\_nvspcaps64.dll.png,1470652,_nvspcaps64.dll.png,.png,1212,dll
1268,imgs\_nvspserviceplugin64.dll.png,846753,_nvspserviceplugin64.dll.png,.png,920,dll
1269,imgs\_nvtopps.dll.png,4396165,_nvtopps.dll.png,.png,2096,dll
1270,imgs\_OverClockingNvc.dll.png,1248031,_OverClockingNvc.dll.png,.png,1117,dll
